ImageName,Date,Month,Year,Day,Reef,Transect,DistanceTransect,BinNumber,NumberAlgae,NumberSand,QuadratSize,Notes,DominantVegetation
20220824_R1_T1_0.4-0.6_B1,08/24/2022,8,2022,24,R1,T1,0.4-0.6,B1,0,20,20x20,,
20220824_R1_T1_0.6-0.8_B2,08/24/2022,8,2022,24,R1,T1,0.6-0.8,B2,0,20,20x20,,
20220824_R1_T1_0.8-1.0_B3,08/24/2022,8,2022,24,R1,T1,0.8-1.0,B3,1,19,20x20,,
20220824_R1_T1_1-1.2_B4,08/24/2022,8,2022,24,R1,T1,1.0-1.2,B4,2,18,20x20,,
20220824_R1_T1_1.2-1.4_B5,08/24/2022,8,2022,24,R1,T1,1.2-1.4,B5,13,7,20x20,,
20220824_R1_T1_1.4-1.6_B6,08/24/2022,8,2022,24,R1,T1,1.4-1.6,B6,11,9,20x20,,
20220824_R1_T1_1.6-1.8_B7,08/24/2022,8,2022,24,R1,T1,1.6-1.8,B7,10,9,20x20,1 point on transect,
20220824_R1_T1_1.8-2_B8,08/24/2022,8,2022,24,R1,T1,1.8-2.0,B8,8,12,20x20,,
20220824_R1_T1_2-2.2_B9,08/24/2022,8,2022,24,R1,T1,2.0-2.2,B9,14,5,20x20,1 point on transect,
20220824_R1_T1_2.2-2.4_B10,08/24/2022,8,2022,24,R1,T1,2.2-2.4,B10,14,6,20x20,,
20220824_R1_T1_2.4-2.6_B11,08/24/2022,8,2022,24,R1,T1,2.4-2.6,B11,5,14,20x20,1 point on transect,
20220824_R1_T1_2.6-2.8_B12,08/24/2022,8,2022,24,R1,T1,2.6-2.8,B12,10,10,20x20,,
20220824_R1_T1_2.8-3_B13,08/24/2022,8,2022,24,R1,T1,2.8-3.0,B13,17,3,20x20,,
20220824_R1_T1_3-3.2_B14,08/24/2022,8,2022,24,R1,T1,3.0-3.2,B14,10,9,20x20,1 point on transect,
20220824_R1_T1_3.2-3.4_B15,08/24/2022,8,2022,24,R1,T1,3.2-3.4,B15,16,4,20x20,,
20220824_R1_T1_3.4-3.6_B16,08/24/2022,8,2022,24,R1,T1,3.4-3.6,B16,15,4,20x20,1 point on transect,
20220824_R1_T1_3.6-3.8_B17,08/24/2022,8,2022,24,R1,T1,3.6-3.8,B17,19,1,20x20,,
20220824_R1_T1_3.8-4_B18,08/24/2022,8,2022,24,R1,T1,3.8-4.0,B18,10,10,20x20,,
20220824_R1_T1_4-4.2_B19,08/24/2022,8,2022,24,R1,T1,4.0-4.2,B19,14,6,20x20,,
20220824_R1_T1_4.2-4.4_B20,08/24/2022,8,2022,24,R1,T1,4.2-4.4,B20,6,14,20x20,,
20220824_R1_T1_4.4-4.6_B21,08/24/2022,8,2022,24,R1,T1,4.4-4.6,B21,9,11,20x20,There are a couple points that landed on what seems to be the slimmest point of algae. Counted them as algae,
20220824_R1_T1_4.6-4.8_B22,08/24/2022,8,2022,24,R1,T1,4.6-4.8,B22,2,18,20x20,,
20220824_R1_T1_4.8-5_B23,08/24/2022,8,2022,24,R1,T1,4.8-5.0,B23,5,15,20x20,,
20220824_R1_T1_5-5.2_B24,08/24/2022,8,2022,24,R1,T1,5.0-5.2,B24,5,11,20x20,"There is a piece of algae floating close to the camera lense and covering half of the virtual quadrat from 5.0m-5.2m. Points: [4, 21, 18, 8] were disregarded from the data recording for landing on the obstruction",
20220824_R1_T1_5.2-5.4_B25,08/24/2022,8,2022,24,R1,T1,5.2-5.4,B25,4,16,20x20,,
20220824_R1_T2_0.4-0.6_B1,08/24/2022,8,2022,24,R1,T2,0.4-0.6,B1,0,20,20x20,,
20220824_R1_T2_0.6-0.8_B2,08/24/2022,8,2022,24,R1,T2,0.6-0.8,B2,0,20,20x20,,
20220824_R1_T2_0.8-1_B3,08/24/2022,8,2022,24,R1,T2,0.8-1.0,B3,0,20,20x20,,
20220824_R1_T2_1-1.2_B4,08/24/2022,8,2022,24,R1,T2,1.0-1.2,B4,6,14,20x20,,
20220824_R1_T2_1.2-1.4_B5,08/24/2022,8,2022,24,R1,T2,1.2-1.4,B5,2,18,20x20,,
20220824_R1_T2_1.4-1.6_B6,08/24/2022,8,2022,24,R1,T2,1.4-1.6,B6,5,15,20x20,,
20220824_R1_T2_1.6-1.8_B7,08/24/2022,8,2022,24,R1,T2,1.6-1.8,B7,6,14,20x20,,
20220824_R1_T2_1.8-2_B8,08/24/2022,8,2022,24,R1,T2,1.8-2.0,B8,10,10,20x20,,
20220824_R1_T2_2-2.2_B9,08/24/2022,8,2022,24,R1,T2,2.0-2.2,B9,12,8,20x20,,
20220824_R1_T2_2.2-2.4_B10,08/24/2022,8,2022,24,R1,T2,2.2-2.4,B10,13,7,20x20,,
20220824_R1_T2_2.4-2.6_B11,08/24/2022,8,2022,24,R1,T2,2.4-2.6,B11,,,20x20,Skipped. Quadrat had obstruction,
20220824_R1_T2_2.6-2.8_B12,08/24/2022,8,2022,24,R1,T2,2.6-2.8,B12,3,13,20x20,"Points [9, 8, 13, 18] excluded because of obstruction",
20220824_R1_T2_2.8-3_B13,08/24/2022,8,2022,24,R1,T2,2.8-3.0,B13,3,16,20x20,1 point on transect. Difficulty with shadows,
20220824_R1_T2_3-3.2_B14,08/24/2022,8,2022,24,R1,T2,3.0-3.2,B14,2,18,20x20,,
20220824_R1_T2_3.2-3.4_B15,08/24/2022,8,2022,24,R1,T2,3.2-3.4,B15,5,15,20x20,,
20220824_R1_T2_3.4-3.6_B16,08/24/2022,8,2022,24,R1,T2,3.4-3.6,B16,1,19,20x20,,
20220824_R1_T2_3.6-3.8_B17,08/24/2022,8,2022,24,R1,T2,3.6-3.8,B17,5,15,20x20,,
20220824_R1_T2_3.8-4_B18,08/24/2022,8,2022,24,R1,T2,3.8-4.0,B18,2,18,20x20,,
20220824_R1_T2_4-4.2_B19,08/24/2022,8,2022,24,R1,T2,4.0-4.2,B19,1,19,20x20,,
20220824_R1_T2_4.2-4.4_B20,08/24/2022,8,2022,24,R1,T2,4.2-4.4,B20,7,13,20x20,,
20220824_R1_T2_4.4-4.6_B21,08/24/2022,8,2022,24,R1,T2,4.4-4.6,B21,6,14,20x20,,
20220824_R1_T2_4.6-4.8_B22,08/24/2022,8,2022,24,R1,T2,4.6-4.8,B22,5,15,20x20,,
20220824_R1_T2_4.8-5_B23,08/24/2022,8,2022,24,R1,T2,4.8-5.0,B23,3,17,20x20,,
20220824_R1_T2_5-5.2_B24,08/24/2022,8,2022,24,R1,T2,5.0-5.2,B24,6,14,20x20,,
20220824_R1_T2_5.2-5.4_B25,08/24/2022,8,2022,24,R1,T2,5.2-5.4,B25,4,16,20x20,,
20220824_R1_T3_0.3-0.5_B1,08/24/2022,8,2022,24,R1,T3,0.3-0.5,B1,0,20,20x20,,
20220824_R1_T3_0.5-0.7_B2,08/24/2022,8,2022,24,R1,T3,0.5-0.7,B2,1,19,20x20,,
20220824_R1_T3_0.7-0.9_B3,08/24/2022,8,2022,24,R1,T3,0.7-0.9,B3,1,19,20x20,,
20220824_R1_T3_0.9-1.1_B4,08/24/2022,8,2022,24,R1,T3,0.9-1.1,B4,6,14,20x20,,
20220824_R1_T3_1.1-1.3_B5,08/24/2022,8,2022,24,R1,T3,1.1-1.3,B5,4,16,20x20,,
20220824_R1_T3_1.3-1.5_B6,08/24/2022,8,2022,24,R1,T3,1.3-1.5,B6,3,17,20x20,,
20220824_R1_T3_1.5-1.7_B7,08/24/2022,8,2022,24,R1,T3,1.5-1.7,B7,6,14,20x20,,
20220824_R1_T3_1.7-1.9_B8,08/24/2022,8,2022,24,R1,T3,1.7-1.9,B8,13,6,20x20,Darker quadrat. Difficult to distinguish between vegetation and shadows. 1 point on transect,
20220824_R1_T3_1.9-2.1_B9,08/24/2022,8,2022,24,R1,T3,1.9-2.1,B9,6,14,20x20,"Darker,blurry quadrat. Difficult to distinguish between vegetation and shadows. ",
20220824_R1_T3_2.1-2.3_B10,08/24/2022,8,2022,24,R1,T3,2.1-2.3,B10,4,16,20x20,,
20220824_R1_T3_2.3-2.5_B11,08/24/2022,8,2022,24,R1,T3,2.3-2.5,B11,3,15,20x20,2 points on transect,
20220824_R1_T3_2.5-2.7_B12,08/24/2022,8,2022,24,R1,T3,2.5-2.7,B12,8,12,20x20,,
20220824_R1_T3_2.7-2.9_B13,08/24/2022,8,2022,24,R1,T3,2.7-2.9,B13,16,4,20x20,,
20220824_R1_T3_2.9-3.1_B14,08/24/2022,8,2022,24,R1,T3,2.9-3.1,B14,13,7,20x20,,
20220824_R1_T3_3.1-3.3_B15,08/24/2022,8,2022,24,R1,T3,3.1-3.3,B15,3,17,20x20,,
20220824_R1_T3_3.3-3.5_B16,08/24/2022,8,2022,24,R1,T3,3.3-3.5,B16,13,7,20x20,,
20220824_R1_T3_3.5-3.7_B17,08/24/2022,8,2022,24,R1,T3,3.5-3.7,B17,10,10,20x20,,
20220824_R1_T3_3.7-3.9_B18,08/24/2022,8,2022,24,R1,T3,3.7-3.9,B18,11,9,20x20,,
20220824_R1_T3_3.9-4.1_B19,08/24/2022,8,2022,24,R1,T3,3.9-4.1,B19,11,9,20x20,,
20220824_R1_T3_4.1-4.3_B20,08/24/2022,8,2022,24,R1,T3,4.1-4.3,B20,2,18,20x20,,
20220824_R1_T3_4.3-4.5_B21,08/24/2022,8,2022,24,R1,T3,4.3-4.5,B21,13,7,20x20,,
20220824_R1_T3_4.5-4.7_B22,08/24/2022,8,2022,24,R1,T3,4.5-4.7,B22,2,18,20x20,,
20220824_R1_T3_4.7-4.9_B23,08/24/2022,8,2022,24,R1,T3,4.7-4.9,B23,3,17,20x20,,
20220824_R1_T3_4.9-5.1_B24,08/24/2022,8,2022,24,R1,T3,4.9-5.1,B24,2,18,20x20,,
20220824_R1_T3_5.1-5.3_B25,08/24/2022,8,2022,24,R1,T3,5.1-5.3,B25,1,19,20x20,,
20220824_R2_T1_0.3-0.5_B1,08/24/2022,8,2022,24,R2,T1,0.3-0.5,B1,1,19,20x20,,
20220824_R2_T1_0.5-0.7_B2,08/24/2022,8,2022,24,R2,T1,0.5-0.7,B2,4,16,20x20,,
20220824_R2_T1_0.7-0.9_B3,08/24/2022,8,2022,24,R2,T1,0.7-0.9,B3,6,14,20x20,,
20220824_R2_T1_0.9-1.1_B4,08/24/2022,8,2022,24,R2,T1,0.9-1.1,B4,3,17,20x20,,
20220824_R2_T1_1.1-1.3_B5,08/24/2022,8,2022,24,R2,T1,1.1-1.3,B5,3,17,20x20,,
20220824_R2_T1_1.3-1.5_B6,08/24/2022,8,2022,24,R2,T1,1.3-1.5,B6,1,19,20x20,,
20220824_R2_T1_1.5-1.7_B7,08/24/2022,8,2022,24,R2,T1,1.5-1.7,B7,6,13,20x20,1 point on transect,
20220824_R2_T1_1.7-1.9_B8,08/24/2022,8,2022,24,R2,T1,1.7-1.9,B8,14,6,20x20,,
20220824_R2_T1_1.9-2.1_B9,08/24/2022,8,2022,24,R2,T1,1.9-2.1,B9,14,5,20x20,1 point on transect,
20220824_R2_T1_2.1-2.3_B10,08/24/2022,8,2022,24,R2,T1,2.1-2.3,B10,10,10,20x20,,
20220824_R2_T1_2.3-2.5_B11,08/24/2022,8,2022,24,R2,T1,2.3-2.5,B11,4,16,20x20,,
20220824_R2_T1_2.5-2.7_B12,08/24/2022,8,2022,24,R2,T1,2.5-2.7,B12,14,6,20x20,,
20220824_R2_T1_2.7-2.9_B13,08/24/2022,8,2022,24,R2,T1,2.7-2.9,B13,13,7,20x20,,
20220824_R2_T1_2.9-3.1_B14,08/24/2022,8,2022,24,R2,T1,2.9-3.1,B14,12,8,20x20,,
20220824_R2_T1_3.1-3.3_B15,08/24/2022,8,2022,24,R2,T1,3.1-3.3,B15,19,0,20x20,1 point on transect,
20220824_R2_T1_3.3-3.5_B16,08/24/2022,8,2022,24,R2,T1,3.3-3.5,B16,16,3,20x20,1 point on transect,
20220824_R2_T1_3.5-3.7_B17,08/24/2022,8,2022,24,R2,T1,3.5-3.7,B17,18,2,20x20,,
20220824_R2_T1_3.7-3.9_B18,08/24/2022,8,2022,24,R2,T1,3.7-3.9,B18,19,1,20x20,,
20220824_R2_T1_3.9-4.1_B19,08/24/2022,8,2022,24,R2,T1,3.9-4.1,B19,7,13,20x20,,
20220824_R2_T1_4.1-4.3_B20,08/24/2022,8,2022,24,R2,T1,4.1-4.3,B20,8,12,20x20,,
20220824_R2_T1_4.3-4.5_B21,08/24/2022,8,2022,24,R2,T1,4.3-4.5,B21,17,3,20x20,,
20220824_R2_T1_4.5-4.7_B22,08/24/2022,8,2022,24,R2,T1,4.5-4.7,B22,15,5,20x20,,
20220824_R2_T1_4.7-4.9_B23,08/24/2022,8,2022,24,R2,T1,4.7-4.9,B23,8,12,20x20,,
20220824_R2_T1_4.9-5.1_B24,08/24/2022,8,2022,24,R2,T1,4.9-5.1,B24,8,12,20x20,,
20220824_R2_T1_5.1-5.3_B25,08/24/2022,8,2022,24,R2,T1,5.1-5.3,B25,17,3,20x20,,
20220824_R2_T2_0.3-0.5_B1,08/24/2022,8,2022,24,R2,T2,0.3-0.5,B1,1,19,20x20,,
20220824_R2_T2_0.5-0.7_B2,08/24/2022,8,2022,24,R2,T2,0.5-0.7,B2,0,20,20x20,,
20220824_R2_T2_0.7-0.9_B3,08/24/2022,8,2022,24,R2,T2,0.7-0.9,B3,3,17,20x20,,
20220824_R2_T2_0.9-1.1_B4,08/24/2022,8,2022,24,R2,T2,0.9-1.1,B4,5,15,20x20,,
20220824_R2_T2_1.1-1.3_B5,08/24/2022,8,2022,24,R2,T2,1.1-1.3,B5,12,8,20x20,,
20220824_R2_T2_1.3-1.5_B6,08/24/2022,8,2022,24,R2,T2,1.3-1.5,B6,9,10,20x20,1 point on transect,
20220824_R2_T2_1.5-1.7_B7,08/24/2022,8,2022,24,R2,T2,1.5-1.7,B7,18,2,20x20,,
20220824_R2_T2_1.7-1.9_B8,08/24/2022,8,2022,24,R2,T2,1.7-1.9,B8,20,0,20x20,,
20220824_R2_T2_1.9-2.1_B9,08/24/2022,8,2022,24,R2,T2,1.9-2.1,B9,14,6,20x20,,
20220824_R2_T2_2.1-2.3_B10,08/24/2022,8,2022,24,R2,T2,2.1-2.3,B10,12,8,20x20,,
20220824_R2_T2_2.3-2.5_B11,08/24/2022,8,2022,24,R2,T2,2.3-2.5,B11,19,1,20x20,,
20220824_R2_T2_2.5-2.7_B12,08/24/2022,8,2022,24,R2,T2,2.5-2.7,B12,10,10,20x20,,
20220824_R2_T2_2.7-2.9_B13,08/24/2022,8,2022,24,R2,T2,2.7-2.9,B13,6,14,20x20,,
20220824_R2_T2_2.9-3.1_B14,08/24/2022,8,2022,24,R2,T2,2.9-3.1,B14,17,3,20x20,,
20220824_R2_T2_3.1-3.3_B15,08/24/2022,8,2022,24,R2,T2,3.1-3.3,B15,7,13,20x20,,
20220824_R2_T2_3.3-3.5_B16,08/24/2022,8,2022,24,R2,T2,3.3-3.5,B16,7,13,20x20,,
20220824_R2_T2_3.5-3.7_B17,08/24/2022,8,2022,24,R2,T2,3.5-3.7,B17,9,11,20x20,,
20220824_R2_T2_3.7-3.9_B18,08/24/2022,8,2022,24,R2,T2,3.7-3.9,B18,12,8,20x20,,
20220824_R2_T2_3.9-4.1_B19,08/24/2022,8,2022,24,R2,T2,3.9-4.1,B19,13,7,20x20,,
20220824_R2_T2_4.1-4.3_B20,08/24/2022,8,2022,24,R2,T2,4.1-4.3,B20,7,13,20x20,,
20220824_R2_T2_4.3-4.5_B21,08/24/2022,8,2022,24,R2,T2,4.3-4.5,B21,8,12,20x20,,
20220824_R2_T2_4.5-4.7_B22,08/24/2022,8,2022,24,R2,T2,4.5-4.7,B22,6,14,20x20,,
20220824_R2_T2_4.7-4.9_B23,08/24/2022,8,2022,24,R2,T2,4.7-4.9,B23,6,14,20x20,,
20220824_R2_T2_4.9-5.1_B24,08/24/2022,8,2022,24,R2,T2,4.9-5.1,B24,12,8,20x20,,
20220824_R2_T2_5.1-5.3_B25,08/24/2022,8,2022,24,R2,T2,5.1-5.3,B25,14,6,20x20,,
20220824_R2_T3_0.5-0.7_B1,08/24/2022,8,2022,24,R2,T3,0.5-0.7,B1,1,19,20x20,,
20220824_R2_T3_0.7-0.9_B2,08/24/2022,8,2022,24,R2,T3,0.7-0.9,B2,1,19,20x20,,
20220824_R2_T3_0.9-1.1_B3,08/24/2022,8,2022,24,R2,T3,0.9-1.1,B3,3,17,20x20,,
20220824_R2_T3_1.1-1.3_B4,08/24/2022,8,2022,24,R2,T3,1.1-1.3,B4,2,18,20x20,,
20220824_R2_T3_1.3-1.5_B5,08/24/2022,8,2022,24,R2,T3,1.3-1.5,B5,4,16,20x20,,
20220824_R2_T3_1.5-1.7_B6,08/24/2022,8,2022,24,R2,T3,1.5-1.7,B6,9,11,20x20,,
20220824_R2_T3_1.7-1.9_B7,08/24/2022,8,2022,24,R2,T3,1.7-1.9,B7,4,16,20x20,,
20220824_R2_T3_1.9-2.1_B8,08/24/2022,8,2022,24,R2,T3,1.9-2.1,B8,7,13,20x20,,
20220824_R2_T3_2.1-2.3_B9,08/24/2022,8,2022,24,R2,T3,2.1-2.3,B9,3,17,20x20,,
20220824_R2_T3_2.3-2.5_B10,08/24/2022,8,2022,24,R2,T3,2.3-2.5,B10,7,13,20x20,,
20220824_R2_T3_2.5-2.7_B11,08/24/2022,8,2022,24,R2,T3,2.5-2.7,B11,6,14,20x20,,
20220824_R2_T3_2.7-2.9_B12,08/24/2022,8,2022,24,R2,T3,2.7-2.9,B12,1,19,20x20,,
20220824_R2_T3_2.9-3.1_B13,08/24/2022,8,2022,24,R2,T3,2.9-3.1,B13,6,14,20x20,,
20220824_R2_T3_3.1-3.3_B14,08/24/2022,8,2022,24,R2,T3,3.1-3.3,B14,1,19,20x20,,
20220824_R2_T3_3.3-3.5_B15,08/24/2022,8,2022,24,R2,T3,3.3-3.5,B15,2,18,20x20,,
20220824_R2_T3_3.5-3.7_B16,08/24/2022,8,2022,24,R2,T3,3.5-3.7,B16,2,18,20x20,,
20220824_R2_T3_3.7-3.9_B17,08/24/2022,8,2022,24,R2,T3,3.7-3.9,B17,3,17,20x20,,
20220824_R2_T3_3.9-4.1_B18,08/24/2022,8,2022,24,R2,T3,3.9-4.1,B18,9,11,20x20,,
20220824_R2_T3_4.1-4.3_B19,08/24/2022,8,2022,24,R2,T3,4.1-4.3,B19,8,12,20x20,,
20220824_R2_T3_4.3-4.5_B20,08/24/2022,8,2022,24,R2,T3,4.3-4.5,B20,6,14,20x20,,
20220824_R2_T3_4.5-4.7_B21,08/24/2022,8,2022,24,R2,T3,4.5-4.7,B21,10,10,20x20,,
20220824_R2_T3_4.7-4.9_B22,08/24/2022,8,2022,24,R2,T3,4.7-4.9,B22,1,19,20x20,,
20220824_R2_T3_4.9-5.1_B23,08/24/2022,8,2022,24,R2,T3,4.9-5.1,B23,2,16,20x20,2 points on transect,
20220824_R2_T3_5.1-5.3_B24,08/24/2022,8,2022,24,R2,T3,5.1-5.3,B24,7,13,20x20,,
20220824_R2_T3_5.3-5.5_B25,08/24/2022,8,2022,24,R2,T3,5.3-5.5,B25,6,14,20x20,,
20220824_R3_T1_0.4-0.6_B1,08/24/2022,8,2022,24,R3,T1,0.4-0.6,B1,0,19,20x20,1 point on transect,
20220824_R3_T1_0.6-0.8_B2,08/24/2022,8,2022,24,R3,T1,0.6-0.8,B2,0,20,20x20,algae above quadrat. ,
20220824_R3_T1_0.8-1_B3,08/24/2022,8,2022,24,R3,T1,0.8-1.0,B3,7,13,20x20,,
20220824_R3_T1_1-1.2_B4,08/24/2022,8,2022,24,R3,T1,1.0-1.2,B4,5,15,20x20,,
20220824_R3_T1_1.2-1.4_B5,08/24/2022,8,2022,24,R3,T1,1.2-1.4,B5,6,14,20x20,,
20220824_R3_T1_1.4-1.6_B6,08/24/2022,8,2022,24,R3,T1,1.4-1.6,B6,16,4,20x20,,
20220824_R3_T1_1.6-1.8_B7,08/24/2022,8,2022,24,R3,T1,1.6-1.8,B7,5,15,20x20,,
20220824_R3_T1_1.8-2_B8,08/24/2022,8,2022,24,R3,T1,1.8-2.0,B8,14,6,20x20,,
20220824_R3_T1_2-2.2_B9,08/24/2022,8,2022,24,R3,T1,2.0-2.2,B9,19,1,20x20,,
20220824_R3_T1_2.2-2.4_B10,08/24/2022,8,2022,24,R3,T1,2.2-2.4,B10,20,0,20x20,,
20220824_R3_T1_2.4-2.6_B11,08/24/2022,8,2022,24,R3,T1,2.4-2.6,B11,17,3,20x20,40 cm & 60 cm mark not visible,
20220824_R3_T1_2.6-2.8_B12,08/24/2022,8,2022,24,R3,T1,2.6-2.8,B12,19,1,20x20,,
20220824_R3_T1_2.8-3_B13,08/24/2022,8,2022,24,R3,T1,2.8-3.0,B13,15,5,20x20,1 point on transect,
20220824_R3_T1_3-3.2_B14,08/24/2022,8,2022,24,R3,T1,3.0-3.2,B14,12,8,20x20,,
20220824_R3_T1_3.2-3.4_B15,08/24/2022,8,2022,24,R3,T1,3.2-3.4,B15,8,12,20x20,,
20220824_R3_T1_3.4-3.6_B16,08/24/2022,8,2022,24,R3,T1,3.4-3.6,B16,16,4,20x20,,
20220824_R3_T1_3.6-3.8_B17,08/24/2022,8,2022,24,R3,T1,3.6-3.8,B17,19,1,20x20,,
20220824_R3_T1_3.8-4_B18,08/24/2022,8,2022,24,R3,T1,3.8-4.0,B18,15,5,20x20,,
20220824_R3_T1_4-4.2_B19,08/24/2022,8,2022,24,R3,T1,4.0-4.2,B19,17,3,20x20,,
20220824_R3_T1_4.2-4.4_B20,08/24/2022,8,2022,24,R3,T1,4.2-4.4,B20,14,6,20x20,,
20220824_R3_T1_4.4-4.6_B21,08/24/2022,8,2022,24,R3,T1,4.4-4.6,B21,11,9,20x20,,
20220824_R3_T1_4.6-4.8_B22,08/24/2022,8,2022,24,R3,T1,4.6-4.8,B22,8,12,20x20,,
20220824_R3_T1_4.8-5_B23,08/24/2022,8,2022,24,R3,T1,4.8-5.0,B23,7,13,20x20,,
20220824_R3_T1_5-5.2_B24,08/24/2022,8,2022,24,R3,T1,5.0-5.2,B24,12,8,20x20,,
20220824_R3_T1_5.2-5.4_B25,08/24/2022,8,2022,24,R3,T1,5.2-5.4,B25,18,2,20x20,,
20220824_R3_T2_0.5-0.7_B1,08/24/2022,8,2022,24,R3,T2,0.5-0.7,B1,0,20,20x20,difficult to get an accurate measurement of transect,
20220824_R3_T2_0.7-0.9_B2,08/24/2022,8,2022,24,R3,T2,0.7-0.9,B2,0,20,20x20,,
20220824_R3_T2_0.9-1.1_B3,08/24/2022,8,2022,24,R3,T2,0.9-1.1,B3,13,7,20x20,,
20220824_R3_T2_1.1-1.3_B4,08/24/2022,8,2022,24,R3,T2,1.1-1.3,B4,4,16,20x20,,
20220824_R3_T2_1.3-1.5_B5,08/24/2022,8,2022,24,R3,T2,1.3-1.5,B5,10,10,20x20,,
20220824_R3_T2_1.5-1.7_B6,08/24/2022,8,2022,24,R3,T2,1.5-1.7,B6,16,4,20x20,,
20220824_R3_T2_1.7-1.9_B7,08/24/2022,8,2022,24,R3,T2,1.7-1.9,B7,15,5,20x20,,
20220824_R3_T2_1.9-2.1_B8,08/24/2022,8,2022,24,R3,T2,1.9-2.1,B8,13,7,20x20,,
20220824_R3_T2_2.1-2.3_B9,08/24/2022,8,2022,24,R3,T2,2.1-2.3,B9,9,11,20x20,,
20220824_R3_T2_2.3-2.5_B10,08/24/2022,8,2022,24,R3,T2,2.3-2.5,B10,12,8,20x20,,
20220824_R3_T2_2.5-2.7_B11,08/24/2022,8,2022,24,R3,T2,2.5-2.7,B11,20,0,20x20,,
20220824_R3_T2_2.7-2.9_B12,08/24/2022,8,2022,24,R3,T2,2.7-2.9,B12,18,2,20x20,,
20220824_R3_T2_2.9-3.1_B13,08/24/2022,8,2022,24,R3,T2,2.9-3.1,B13,20,0,20x20,,
20220824_R3_T2_3.1-3.3_B14,08/24/2022,8,2022,24,R3,T2,3.1-3.3,B14,17,3,20x20,,
20220824_R3_T2_3.3-3.5_B15,08/24/2022,8,2022,24,R3,T2,3.3-3.5,B15,19,1,20x20,,
20220824_R3_T2_3.5-3.7_B16,08/24/2022,8,2022,24,R3,T2,3.5-3.7,B16,16,4,20x20,,
20220824_R3_T2_3.7-3.9_B17,08/24/2022,8,2022,24,R3,T2,3.7-3.9,B17,13,7,20x20,,
20220824_R3_T2_3.9-4.1_B18,08/24/2022,8,2022,24,R3,T2,3.9-4.1,B18,20,0,20x20,,
20220824_R3_T2_4.1-4.3_B19,08/24/2022,8,2022,24,R3,T2,4.1-4.3,B19,10,10,20x20,,
20220824_R3_T2_4.3-4.5_B20,08/24/2022,8,2022,24,R3,T2,4.3-4.5,B20,12,8,20x20,,
20220824_R3_T2_4.5-4.7_B21,08/24/2022,8,2022,24,R3,T2,4.5-4.7,B21,14,6,20x20,,
20220824_R3_T2_4.7-4.9_B22,08/24/2022,8,2022,24,R3,T2,4.7-4.9,B22,13,7,20x20,,
20220824_R3_T2_4.9-5.1_B23,08/24/2022,8,2022,24,R3,T2,4.9-5.1,B23,17,3,20x20,,
20220824_R3_T2_5.1-5.3_B24,08/24/2022,8,2022,24,R3,T2,5.1-5.3,B24,11,9,20x20,,
20220824_R3_T2_5.3-5.5_B25,08/24/2022,8,2022,24,R3,T2,5.3-5.5,B25,6,14,20x20,,
20220824_R3_T3_0.4-0.6_B1,08/24/2022,8,2022,24,R3,T3,0.4-0.6,B1,1,19,20x20,,
20220824_R3_T3_0.6-0.8_B2,08/24/2022,8,2022,24,R3,T3,0.6-0.8,B2,0,20,20x20,,
20220824_R3_T3_0.8-1_B3,08/24/2022,8,2022,24,R3,T3,0.8-1.0,B3,3,17,20x20,,
20220824_R3_T3_1-1.2_B4,08/24/2022,8,2022,24,R3,T3,1.0-1.2,B4,3,17,20x20,,
20220824_R3_T3_1.2-1.4_B5,08/24/2022,8,2022,24,R3,T3,1.2-1.4,B5,16,4,20x20,,
20220824_R3_T3_1.4-1.6_B6,08/24/2022,8,2022,24,R3,T3,1.4-1.6,B6,14,6,20x20,,
20220824_R3_T3_1.6-1.8_B7,08/24/2022,8,2022,24,R3,T3,1.6-1.8,B7,6,14,20x20,,
20220824_R3_T3_1.8-2_B8,08/24/2022,8,2022,24,R3,T3,1.8-2.0,B8,13,7,20x20,,
20220824_R3_T3_2-2.2_B9,08/24/2022,8,2022,24,R3,T3,2.0-2.2,B9,18,2,20x20,,
20220824_R3_T3_2.2-2.4_B10,08/24/2022,8,2022,24,R3,T3,2.2-2.4,B10,15,5,20x20,,
20220824_R3_T3_2.4-2.6_B11,08/24/2022,8,2022,24,R3,T3,2.4-2.6,B11,12,8,20x20,,
20220824_R3_T3_2.6-2.8_B12,08/24/2022,8,2022,24,R3,T3,2.6-2.8,B12,20,0,20x20,,
20220824_R3_T3_2.8-3_B13,08/24/2022,8,2022,24,R3,T3,2.8-3.0,B13,20,0,20x20,,
20220824_R3_T3_3-3.2_B14,08/24/2022,8,2022,24,R3,T3,3.0-3.2,B14,16,4,20x20,,
20220824_R3_T3_3.2-3.4_B15,08/24/2022,8,2022,24,R3,T3,3.2-3.4,B15,6,14,20x20,,
20220824_R3_T3_3.4-3.6_B16,08/24/2022,8,2022,24,R3,T3,3.4-3.6,B16,1,19,20x20,,
20220824_R3_T3_3.6-3.8_B17,08/24/2022,8,2022,24,R3,T3,3.6-3.8,B17,14,6,20x20,,
20220824_R3_T3_3.8-4_B18,08/24/2022,8,2022,24,R3,T3,3.8-4.0,B18,20,0,20x20,,
20220824_R3_T3_4-4.2_B19,08/24/2022,8,2022,24,R3,T3,4.0-4.2,B19,16,4,20x20,,
20220824_R3_T3_4.2-4.4_B20,08/24/2022,8,2022,24,R3,T3,4.2-4.4,B20,14,6,20x20,,
20220824_R3_T3_4.4-4.6_B21,08/24/2022,8,2022,24,R3,T3,4.4-4.6,B21,17,3,20x20,,
20220824_R3_T3_4.6-4.8_B22,08/24/2022,8,2022,24,R3,T3,4.6-4.8,B22,19,1,20x20,,
20220824_R3_T3_4.8-5_B23,08/24/2022,8,2022,24,R3,T3,4.8-5.0,B23,18,2,20x20,,
20220824_R3_T3_5-5.2_B24,08/24/2022,8,2022,24,R3,T3,5.0-5.2,B24,16,4,20x20,Difficulty reading transect for initial set scale.,
20220824_R3_T3_5.2-5.4_B25,08/24/2022,8,2022,24,R3,T3,5.2-5.4,B25,17,3,20x20,,
20230517_R1_T1_0.9-1.1_B1,05/17/2023,5,2023,17,R1,T1,0.9-1.1,B1,1,18,20x20,1 point on algae growing on cinderblock,
20230517_R1_T1_1.1-1.3_B2,05/17/2023,5,2023,17,R1,T1,1.1-1.3,B2,0,20,20x20,,
20230517_R1_T1_1.3-1.5_B3,05/17/2023,5,2023,17,R1,T1,1.3-1.5,B3,0,20,20x20,,
20230517_R1_T1_1.5-1.7_B4,05/17/2023,5,2023,17,R1,T1,1.5-1.7,B4,0,20,20x20,,
20230517_R1_T1_1.7-1.9_B5,05/17/2023,5,2023,17,R1,T1,1.7-1.9,B5,1,19,20x20,,
20230517_R1_T1_1.9-2.1_B6,05/17/2023,5,2023,17,R1,T1,1.9-2.1,B6,0,20,20x20,,
20230517_R1_T1_2.1-2.3_B7,05/17/2023,5,2023,17,R1,T1,2.1-2.3,B7,4,16,20x20,,
20230517_R1_T1_2.3-2.5_B8,05/17/2023,5,2023,17,R1,T1,2.3-2.5,B8,3,17,20x20,,
20230517_R1_T1_2.5-2.7_B9,05/17/2023,5,2023,17,R1,T1,2.5-2.7,B9,4,16,20x20,,
20230517_R1_T1_2.7-2.9_B10,05/17/2023,5,2023,17,R1,T1,2.7-2.9,B10,4,16,20x20,,
20230517_R1_T1_2.9-3.1_B11,05/17/2023,5,2023,17,R1,T1,2.9-3.1,B11,4,16,20x20,,
20230517_R1_T1_3.1-3.3_B12,05/17/2023,5,2023,17,R1,T1,3.1-3.3,B12,3,17,20x20,,
20230517_R1_T1_3.3-3.5_B13,05/17/2023,5,2023,17,R1,T1,3.3-3.5,B13,1,19,20x20,,
20230517_R1_T1_3.5-3.7_B14,05/17/2023,5,2023,17,R1,T1,3.5-3.7,B14,3,17,20x20,,
20230517_R1_T1_3.7-3.9_B15,05/17/2023,5,2023,17,R1,T1,3.7-3.9,B15,3,17,20x20,,
20230517_R1_T1_3.9-4.1_B16,05/17/2023,5,2023,17,R1,T1,3.9-4.1,B16,5,15,20x20,,
20230517_R1_T1_4.1-4.3_B17,05/17/2023,5,2023,17,R1,T1,4.1-4.3,B17,1,19,20x20,,
20230517_R1_T1_4.3-4.5_B18,05/17/2023,5,2023,17,R1,T1,4.3-4.5,B18,11,9,20x20,,
20230517_R1_T1_4.5-4.7_B19,05/17/2023,5,2023,17,R1,T1,4.5-4.7,B19,10,10,20x20,,
20230517_R1_T1_4.7-4.9_B20,05/17/2023,5,2023,17,R1,T1,4.7-4.9,B20,8,12,20x20,,
20230517_R1_T1_4.9-5.1_B21,05/17/2023,5,2023,17,R1,T1,4.9-5.1,B21,7,13,20x20,,
20230517_R1_T1_5.1-5.3_B22,05/17/2023,5,2023,17,R1,T1,5.1-5.3,B22,6,14,20x20,,
20230517_R1_T1_5.3-5.5_B23,05/17/2023,5,2023,17,R1,T1,5.3-5.5,B23,6,14,20x20,,
20230517_R1_T1_5.5-5.7_B24,05/17/2023,5,2023,17,R1,T1,5.5-5.7,B24,6,14,20x20,,
20230517_R1_T1_5.7-5.9_B25,05/17/2023,5,2023,17,R1,T1,5.7-5.9,B25,0,20,20x20,,
20230517_R1_T2_0.8-1_B1,05/17/2023,5,2023,17,R1,T2,0.8-1.0,B1,2,18,20x20,,
20230517_R1_T2_1-1.2_B2,05/17/2023,5,2023,17,R1,T2,1.0-1.2,B2,1,19,20x20,,
20230517_R1_T2_1.2-1.4_B3,05/17/2023,5,2023,17,R1,T2,1.2-1.4,B3,0,20,20x20,,
20230517_R1_T2_1.4-1.6_B4,05/17/2023,5,2023,17,R1,T2,1.4-1.6,B4,0,20,20x20,,
20230517_R1_T2_1.6-1.8_B5,05/17/2023,5,2023,17,R1,T2,1.6-1.8,B5,1,19,20x20,,
20230517_R1_T2_1.8-2_B6,05/17/2023,5,2023,17,R1,T2,1.8-2.0,B6,2,18,20x20,,
20230517_R1_T2_2-2.2_B7,05/17/2023,5,2023,17,R1,T2,2.0-2.2,B7,2,18,20x20,,
20230517_R1_T2_2.2-2.4_B8,05/17/2023,5,2023,17,R1,T2,2.2-2.4,B8,4,16,20x20,,
20230517_R1_T2_2.4-2.6_B9,05/17/2023,5,2023,17,R1,T2,2.4-2.6,B9,5,15,20x20,,
20230517_R1_T2_2.6-2.8_B10,05/17/2023,5,2023,17,R1,T2,2.6-2.8,B10,3,17,20x20,,
20230517_R1_T2_2.8-3_B11,05/17/2023,5,2023,17,R1,T2,2.8-3.0,B11,1,19,20x20,,
20230517_R1_T2_3-3.2_B12,05/17/2023,5,2023,17,R1,T2,3.0-3.2,B12,4,16,20x20,,
20230517_R1_T2_3.2-3.4_B13,05/17/2023,5,2023,17,R1,T2,3.2-3.4,B13,2,18,20x20,,
20230517_R1_T2_3.4-3.6_B14,05/17/2023,5,2023,17,R1,T2,3.4-3.6,B14,0,20,20x20,,
20230517_R1_T2_3.6-3.8_B15,05/17/2023,5,2023,17,R1,T2,3.6-3.8,B15,2,18,20x20,,
20230517_R1_T2_3.8-4_B16,05/17/2023,5,2023,17,R1,T2,3.8-4.0,B16,1,19,20x20,,
20230517_R1_T2_4-4.2_B17,05/17/2023,5,2023,17,R1,T2,4.0-4.2,B17,0,20,20x20,,
20230517_R1_T2_4.2-4.4_B18,05/17/2023,5,2023,17,R1,T2,4.2-4.4,B18,3,17,20x20,,
20230517_R1_T2_4.4-4.6_B19,05/17/2023,5,2023,17,R1,T2,4.4-4.6,B19,2,18,20x20,,
20230517_R1_T2_4.6-4.8_B20,05/17/2023,5,2023,17,R1,T2,4.6-4.8,B20,3,17,20x20,,
20230517_R1_T2_4.8-5_B21,05/17/2023,5,2023,17,R1,T2,4.8-5.0,B21,0,20,20x20,,
20230517_R1_T2_5-5.2_B22,05/17/2023,5,2023,17,R1,T2,5.0-5.2,B22,1,19,20x20,,
20230517_R1_T2_5.2-5.4_B23,05/17/2023,5,2023,17,R1,T2,5.2-5.4,B23,5,15,20x20,,
20230517_R1_T2_5.4-5.6_B24,05/17/2023,5,2023,17,R1,T2,5.4-5.6,B24,0,20,20x20,,
20230517_R1_T2_5.6-5.8_B25,05/17/2023,5,2023,17,R1,T2,5.6-5.8,B25,5,15,20x20,,
20230517_R1_T3_0.8-1_B1,05/17/2023,5,2023,17,R1,T3,0.8-1.0,B1,0,19,20x20,1 point on cinderblock algae,
20230517_R1_T3_1-1.2_B2,05/17/2023,5,2023,17,R1,T3,1.0-1.2,B2,0,20,20x20,,
20230517_R1_T3_1.2-1.4_B3,05/17/2023,5,2023,17,R1,T3,1.2-1.4,B3,0,20,20x20,,
20230517_R1_T3_1.4-1.6_B4,05/17/2023,5,2023,17,R1,T3,1.4-1.6,B4,0,20,20x20,,
20230517_R1_T3_1.6-1.8_B5,05/17/2023,5,2023,17,R1,T3,1.6-1.8,B5,0,20,20x20,,
20230517_R1_T3_1.8-2_B6,05/17/2023,5,2023,17,R1,T3,1.8-2.0,B6,2,18,20x20,,
20230517_R1_T3_2-2.2_B7,05/17/2023,5,2023,17,R1,T3,2.0-2.2,B7,3,17,20x20,,
20230517_R1_T3_2.2-2.4_B8,05/17/2023,5,2023,17,R1,T3,2.2-2.4,B8,0,20,20x20,,
20230517_R1_T3_2.4-2.6_B9,05/17/2023,5,2023,17,R1,T3,2.4-2.6,B9,1,19,20x20,,
20230517_R1_T3_2.6-2.8_B10,05/17/2023,5,2023,17,R1,T3,2.6-2.8,B10,6,14,20x20,,
20230517_R1_T3_2.8-3_B11,05/17/2023,5,2023,17,R1,T3,2.8-3.0,B11,3,17,20x20,,
20230517_R1_T3_3-3.2_B12,05/17/2023,5,2023,17,R1,T3,3.0-3.2,B12,10,10,20x20,,
20230517_R1_T3_3.2-3.4_B13,05/17/2023,5,2023,17,R1,T3,3.2-3.4,B13,3,17,20x20,,
20230517_R1_T3_3.4-3.6_B14,05/17/2023,5,2023,17,R1,T3,3.4-3.6,B14,2,18,20x20,,
20230517_R1_T3_3.6-3.8_B15,05/17/2023,5,2023,17,R1,T3,3.6-3.8,B15,3,17,20x20,,
20230517_R1_T3_3.8-4_B16,05/17/2023,5,2023,17,R1,T3,3.8-4.0,B16,7,13,20x20,,
20230517_R1_T3_4-4.2_B17,05/17/2023,5,2023,17,R1,T3,4.0-4.2,B17,1,19,20x20,,
20230517_R1_T3_4.2-4.4_B18,05/17/2023,5,2023,17,R1,T3,4.2-4.4,B18,3,17,20x20,,
20230517_R1_T3_4.4-4.6_B19,05/17/2023,5,2023,17,R1,T3,4.4-4.6,B19,2,18,20x20,,
20230517_R1_T3_4.6-4.8_B20,05/17/2023,5,2023,17,R1,T3,4.6-4.8,B20,5,15,20x20,,
20230517_R1_T3_4.8-5_B21,05/17/2023,5,2023,17,R1,T3,4.8-5.0,B21,5,15,20x20,,
20230517_R1_T3_5-5.2_B22,05/17/2023,5,2023,17,R1,T3,5.0-5.2,B22,2,18,20x20,,
20230517_R1_T3_5.2-5.4_B23,05/17/2023,5,2023,17,R1,T3,5.2-5.4,B23,1,19,20x20,,
20230517_R1_T3_5.4-5.6_B24,05/17/2023,5,2023,17,R1,T3,5.4-5.6,B24,2,18,20x20,,
20230517_R1_T3_5.6-5.8_B25,05/17/2023,5,2023,17,R1,T3,5.6-5.8,B25,3,17,20x20,,
20230517_R2_T1_0.8-1_B1,05/17/2023,5,2023,17,R2,T1,0.8-1.0,B1,0,20,20x20,,
20230517_R2_T1_1-1.2_B2,05/17/2023,5,2023,17,R2,T1,1.0-1.2,B2,0,20,20x20,,
20230517_R2_T1_1.2-1.4_B3,05/17/2023,5,2023,17,R2,T1,1.2-1.4,B3,0,20,20x20,,
20230517_R2_T1_1.4-1.6_B4,05/17/2023,5,2023,17,R2,T1,1.4-1.6,B4,0,20,20x20,,
20230517_R2_T1_1.6-1.8_B5,05/17/2023,5,2023,17,R2,T1,1.6-1.8,B5,2,18,20x20,,
20230517_R2_T1_1.8-2_B6,05/17/2023,5,2023,17,R2,T1,1.8-2.0,B6,1,19,20x20,,
20230517_R2_T1_2-2.2_B7,05/17/2023,5,2023,17,R2,T1,2.0-2.2,B7,1,19,20x20,,
20230517_R2_T1_2.2-2.4_B8,05/17/2023,5,2023,17,R2,T1,2.2-2.4,B8,1,19,20x20,,
20230517_R2_T1_2.4-2.6_B9,05/17/2023,5,2023,17,R2,T1,2.4-2.6,B9,2,18,20x20,,
20230517_R2_T1_2.6-2.8_B10,05/17/2023,5,2023,17,R2,T1,2.6-2.8,B10,1,19,20x20,,
20230517_R2_T1_2.8-3_B11,05/17/2023,5,2023,17,R2,T1,2.8-3.0,B11,0,20,20x20,,
20230517_R2_T1_3-3.2_B12,05/17/2023,5,2023,17,R2,T1,3.0-3.2,B12,2,18,20x20,,
20230517_R2_T1_3.2-3.4_B13,05/17/2023,5,2023,17,R2,T1,3.2-3.4,B13,1,19,20x20,,
20230517_R2_T1_3.4-3.6_B14,05/17/2023,5,2023,17,R2,T1,3.4-3.6,B14,3,17,20x20,,
20230517_R2_T1_3.6-3.8_B15,05/17/2023,5,2023,17,R2,T1,3.6-3.8,B15,4,16,20x20,,
20230517_R2_T1_3.8-4_B16,05/17/2023,5,2023,17,R2,T1,3.8-4.0,B16,3,17,20x20,,
20230517_R2_T1_4-4.2_B17,05/17/2023,5,2023,17,R2,T1,4.0-4.2,B17,6,14,20x20,,
20230517_R2_T1_4.2-4.4_B18,05/17/2023,5,2023,17,R2,T1,4.2-4.4,B18,2,18,20x20,,
20230517_R2_T1_4.4-4.6_B19,05/17/2023,5,2023,17,R2,T1,4.4-4.6,B19,2,18,20x20,,
20230517_R2_T1_4.6-4.8_B20,05/17/2023,5,2023,17,R2,T1,4.6-4.8,B20,5,15,20x20,,
20230517_R2_T1_4.8-5_B21,05/17/2023,5,2023,17,R2,T1,4.8-5.0,B21,1,19,20x20,,
20230517_R2_T1_5-5.2_B22,05/17/2023,5,2023,17,R2,T1,5.0-5.2,B22,3,17,20x20,,
20230517_R2_T1_5.2-5.4_B23,05/17/2023,5,2023,17,R2,T1,5.2-5.4,B23,3,17,20x20,,
20230517_R2_T1_5.4-5.6_B24,05/17/2023,5,2023,17,R2,T1,5.4-5.6,B24,4,16,20x20,,
20230517_R2_T1_5.6-5.8_B25,05/17/2023,5,2023,17,R2,T1,5.6-5.8,B25,4,16,20x20,,
20230517_R2_T2_0.6-0.8_B1,05/17/2023,5,2023,17,R2,T2,0.6-0.8,B1,0,20,20x20,,
20230517_R2_T2_0.8-1_B2,05/17/2023,5,2023,17,R2,T2,0.8-1.0,B2,2,18,20x20,,
20230517_R2_T2_1-1.2_B3,05/17/2023,5,2023,17,R2,T2,1.0-1.2,B3,2,18,20x20,,
20230517_R2_T2_1.2-1.4_B4,05/17/2023,5,2023,17,R2,T2,1.2-1.4,B4,0,20,20x20,,
20230517_R2_T2_1.4-1.6_B5,05/17/2023,5,2023,17,R2,T2,1.4-1.6,B5,1,19,20x20,,
20230517_R2_T2_1.6-1.8_B6,05/17/2023,5,2023,17,R2,T2,1.6-1.8,B6,1,19,20x20,,
20230517_R2_T2_1.8-2_B7,05/17/2023,5,2023,17,R2,T2,1.8-2.0,B7,2,18,20x20,,
20230517_R2_T2_2-2.2_B8,05/17/2023,5,2023,17,R2,T2,2.0-2.2,B8,6,14,20x20,,
20230517_R2_T2_2.2-2.4_B9,05/17/2023,5,2023,17,R2,T2,2.2-2.4,B9,1,19,20x20,,
20230517_R2_T2_2.4-2.6_B10,05/17/2023,5,2023,17,R2,T2,2.4-2.6,B10,7,13,20x20,,
20230517_R2_T2_2.6-2.8_B11,05/17/2023,5,2023,17,R2,T2,2.6-2.8,B11,3,17,20x20,,
20230517_R2_T2_2.8-3_B12,05/17/2023,5,2023,17,R2,T2,2.8-3.0,B12,2,18,20x20,,
20230517_R2_T2_3-3.2_B13,05/17/2023,5,2023,17,R2,T2,3.0-3.2,B13,3,17,20x20,,
20230517_R2_T2_3.2-3.4_B14,05/17/2023,5,2023,17,R2,T2,3.2-3.4,B14,7,13,20x20,,
20230517_R2_T2_3.4-3.6_B15,05/17/2023,5,2023,17,R2,T2,3.4-3.6,B15,4,16,20x20,,
20230517_R2_T2_3.6-3.8_B16,05/17/2023,5,2023,17,R2,T2,3.6-3.8,B16,5,15,20x20,,
20230517_R2_T2_3.8-4_B17,05/17/2023,5,2023,17,R2,T2,3.8-4.0,B17,4,16,20x20,,
20230517_R2_T2_4-4.2_B18,05/17/2023,5,2023,17,R2,T2,4.0-4.2,B18,3,17,20x20,,
20230517_R2_T2_4.2-4.4_B19,05/17/2023,5,2023,17,R2,T2,4.2-4.4,B19,7,13,20x20,,
20230517_R2_T2_4.4-4.6_B20,05/17/2023,5,2023,17,R2,T2,4.4-4.6,B20,1,19,20x20,,
20230517_R2_T2_4.6-4.8_B21,05/17/2023,5,2023,17,R2,T2,4.6-4.8,B21,2,18,20x20,,
20230517_R2_T2_4.8-5_B22,05/17/2023,5,2023,17,R2,T2,4.8-5.0,B22,0,20,20x20,,
20230517_R2_T2_5-5.2_B23,05/17/2023,5,2023,17,R2,T2,5.0-5.2,B23,3,17,20x20,,
20230517_R2_T2_5.2-5.4_B24,05/17/2023,5,2023,17,R2,T2,5.2-5.4,B24,2,18,20x20,,
20230517_R2_T2_5.4-5.6_B25,05/17/2023,5,2023,17,R2,T2,5.4-5.6,B25,6,14,20x20,,
20230517_R2_T3_1-1.2_B1,05/17/2023,5,2023,17,R2,T3,1.0-1.2,B1,0,20,20x20,,
20230517_R2_T3_1.2-1.4_B2,05/17/2023,5,2023,17,R2,T3,1.2-1.4,B2,0,20,20x20,,
20230517_R2_T3_1.4-1.6_B3,05/17/2023,5,2023,17,R2,T3,1.4-1.6,B3,0,20,20x20,,
20230517_R2_T3_1.6-1.8_B4,05/17/2023,5,2023,17,R2,T3,1.6-1.8,B4,0,20,20x20,,
20230517_R2_T3_1.8-2_B5,05/17/2023,5,2023,17,R2,T3,1.8-2.0,B5,1,19,20x20,,
20230517_R2_T3_2-2.2_B6,05/17/2023,5,2023,17,R2,T3,2.0-2.2,B6,0,20,20x20,,
20230517_R2_T3_2.2-2.4_B7,05/17/2023,5,2023,17,R2,T3,2.2-2.4,B7,1,19,20x20,,
20230517_R2_T3_2.4-2.6_B8,05/17/2023,5,2023,17,R2,T3,2.4-2.6,B8,2,18,20x20,,
20230517_R2_T3_2.6-2.8_B9,05/17/2023,5,2023,17,R2,T3,2.6-2.8,B9,1,19,20x20,,
20230517_R2_T3_2.8-3_B10,05/17/2023,5,2023,17,R2,T3,2.8-3.0,B10,2,18,20x20,,
20230517_R2_T3_3-3.2_B11,05/17/2023,5,2023,17,R2,T3,3.0-3.2,B11,1,19,20x20,,
20230517_R2_T3_3.2-3.4_B12,05/17/2023,5,2023,17,R2,T3,3.2-3.4,B12,2,18,20x20,,
20230517_R2_T3_3.4-3.6_B13,05/17/2023,5,2023,17,R2,T3,3.4-3.6,B13,5,15,20x20,,
20230517_R2_T3_3.6-3.8_B14,05/17/2023,5,2023,17,R2,T3,3.6-3.8,B14,2,18,20x20,,
20230517_R2_T3_3.8-4_B15,05/17/2023,5,2023,17,R2,T3,3.8-4.0,B15,3,17,20x20,,
20230517_R2_T3_4-4.2_B16,05/17/2023,5,2023,17,R2,T3,4.0-4.2,B16,2,18,20x20,,
20230517_R2_T3_4.2-4.4_B17,05/17/2023,5,2023,17,R2,T3,4.2-4.4,B17,4,16,20x20,,
20230517_R2_T3_4.4-4.6_B18,05/17/2023,5,2023,17,R2,T3,4.4-4.6,B18,3,17,20x20,,
20230517_R2_T3_4.6-4.8_B19,05/17/2023,5,2023,17,R2,T3,4.6-4.8,B19,6,14,20x20,,
20230517_R2_T3_4.8-5_B20,05/17/2023,5,2023,17,R2,T3,4.8-5.0,B20,9,11,20x20,,
20230517_R2_T3_5-5.2_B21,05/17/2023,5,2023,17,R2,T3,5.0-5.2,B21,5,14,20x20,1 point on transect,
20230517_R2_T3_5.2-5.4_B22,05/17/2023,5,2023,17,R2,T3,5.2-5.4,B22,11,9,20x20,,
20230517_R2_T3_5.4-5.6_B23,05/17/2023,5,2023,17,R2,T3,5.4-5.6,B23,6,14,20x20,,
20230517_R2_T3_5.6-5.8_B24,05/17/2023,5,2023,17,R2,T3,5.6-5.8,B24,10,10,20x20,,
20230517_R2_T3_5.8-6.0_B25,05/17/2023,5,2023,17,R2,T3,5.8-6.0,B25,6,14,20x20,1 point on transect,
20230517_R3_T1_1-1.2_B1,05/17/2023,5,2023,17,R3,T1,1.0-1.2,B1,0,20,20x20,,
20230517_R3_T1_1.2-1.4_B2,05/17/2023,5,2023,17,R3,T1,1.2-1.4,B2,0,20,20x20,,
20230517_R3_T1_1.4-1.6_B3,05/17/2023,5,2023,17,R3,T1,1.4-1.6,B3,0,20,20x20,,
20230517_R3_T1_1.6-1.8_B4,05/17/2023,5,2023,17,R3,T1,1.6-1.8,B4,3,16,20x20,1 point on transect,
20230517_R3_T1_1.8-2_B5,05/17/2023,5,2023,17,R3,T1,1.8-2.0,B5,6,13,20x20,1 point on transect,
20230517_R3_T1_2-2.2_B6,05/17/2023,5,2023,17,R3,T1,2.0-2.2,B6,4,16,20x20,,
20230517_R3_T1_2.2-2.4_B7,05/17/2023,5,2023,17,R3,T1,2.2-2.4,B7,1,18,20x20,1 point on transect,
20230517_R3_T1_2.4-2.6_B8,05/17/2023,5,2023,17,R3,T1,2.4-2.6,B8,1,19,20x20,,
20230517_R3_T1_2.6-2.8_B9,05/17/2023,5,2023,17,R3,T1,2.6-2.8,B9,1,19,20x20,,
20230517_R3_T1_2.8-3_B10,05/17/2023,5,2023,17,R3,T1,2.8-3.0,B10,5,15,20x20,,
20230517_R3_T1_3-3.2_B11,05/17/2023,5,2023,17,R3,T1,3.0-3.2,B11,1,19,20x20,,
20230517_R3_T1_3.2-3.4_B12,05/17/2023,5,2023,17,R3,T1,3.2-3.4,B12,4,15,20x20,1 point on transect,
20230517_R3_T1_3.4-3.6_B13,05/17/2023,5,2023,17,R3,T1,3.4-3.6,B13,2,16,20x20,2 points on transect,
20230517_R3_T1_3.6-3.8_B14,05/17/2023,5,2023,17,R3,T1,3.6-3.8,B14,5,15,20x20,,
20230517_R3_T1_3.8-4_B15,05/17/2023,5,2023,17,R3,T1,3.8-4.0,B15,4,14,20x20,2 points on transect,
20230517_R3_T1_4-4.2_B16,05/17/2023,5,2023,17,R3,T1,4.0-4.2,B16,4,15,20x20,1 point on transect,
20230517_R3_T1_4.2-4.4_B17,05/17/2023,5,2023,17,R3,T1,4.2-4.4,B17,4,16,20x20,,
20230517_R3_T1_4.4-4.6_B18,05/17/2023,5,2023,17,R3,T1,4.4-4.6,B18,2,18,20x20,,
20230517_R3_T1_4.6-4.8_B19,05/17/2023,5,2023,17,R3,T1,4.6-4.8,B19,3,17,20x20,,
20230517_R3_T1_4.8-5_B20,05/17/2023,5,2023,17,R3,T1,4.8-5.0,B20,3,17,20x20,,
20230517_R3_T1_5-5.2_B21,05/17/2023,5,2023,17,R3,T1,5.0-5.2,B21,3,17,20x20,,
20230517_R3_T1_5.2-5.4_B22,05/17/2023,5,2023,17,R3,T1,5.2-5.4,B22,7,13,20x20,,
20230517_R3_T1_5.4-5.6_B23,05/17/2023,5,2023,17,R3,T1,5.4-5.6,B23,5,15,20x20,1 point on transect,
20230517_R3_T1_5.6-5.8_B24,05/17/2023,5,2023,17,R3,T1,5.6-5.8,B24,1,17,20x20,2 points on transect,
20230517_R3_T1_5.8-6.0_B25,05/17/2023,5,2023,17,R3,T1,5.8-6.0,B25,4,16,20x20,,
20230517_R3_T2_0.8-1_B1,05/17/2023,5,2023,17,R3,T2,0.8-1.0,B1,2,18,20x20,,
20230517_R3_T2_1-1.2_B2,05/17/2023,5,2023,17,R3,T2,1.0-1.2,B2,4,16,20x20,,
20230517_R3_T2_1.2-1.4_B3,05/17/2023,5,2023,17,R3,T2,1.2-1.4,B3,0,19,20x20,1 point on transect,
20230517_R3_T2_1.4-1.6_B4,05/17/2023,5,2023,17,R3,T2,1.4-1.6,B4,1,19,20x20,,
20230517_R3_T2_1.6-1.8_B5,05/17/2023,5,2023,17,R3,T2,1.6-1.8,B5,0,19,20x20,1 point on transect,
20230517_R3_T2_1.8-2_B6,05/17/2023,5,2023,17,R3,T2,1.8-2.0,B6,1,19,20x20,,
20230517_R3_T2_2-2.2_B7,05/17/2023,5,2023,17,R3,T2,2.0-2.2,B7,3,17,20x20,,
20230517_R3_T2_2.2-2.4_B8,05/17/2023,5,2023,17,R3,T2,2.2-2.4,B8,1,19,20x20,,
20230517_R3_T2_2.4-2.6_B9,05/17/2023,5,2023,17,R3,T2,2.4-2.6,B9,0,20,20x20,,
20230517_R3_T2_2.6-2.8_B10,05/17/2023,5,2023,17,R3,T2,2.6-2.8,B10,2,18,20x20,,
20230517_R3_T2_2.8-3_B11,05/17/2023,5,2023,17,R3,T2,2.8-3.0,B11,2,18,20x20,,
20230517_R3_T2_3-3.2_B12,05/17/2023,5,2023,17,R3,T2,3.0-3.2,B12,5,15,20x20,,
20230517_R3_T2_3.2-3.4_B13,05/17/2023,5,2023,17,R3,T2,3.2-3.4,B13,1,19,20x20,,
20230517_R3_T2_3.4-3.6_B14,05/17/2023,5,2023,17,R3,T2,3.4-3.6,B14,2,16,20x20,2 points on transect,
20230517_R3_T2_3.6-3.8_B15,05/17/2023,5,2023,17,R3,T2,3.6-3.8,B15,5,15,20x20,,
20230517_R3_T2_3.8-4_B16,05/17/2023,5,2023,17,R3,T2,3.8-4.0,B16,NA,NA,20x20,No end distance on transect,
20230517_R3_T2_4-4.2_B17,05/17/2023,5,2023,17,R3,T2,4.0-4.2,B17,NA,NA,20x20,No end distance on transect,
20230517_R3_T2_4.2-4.4_B18,05/17/2023,5,2023,17,R3,T2,4.2-4.4,B18,NA,NA,20x20,No start distance on transect,
20230517_R3_T2_4.4-4.6_B19,05/17/2023,5,2023,17,R3,T2,4.4-4.6,B19,1,19,20x20,,
20230517_R3_T2_4.6-4.8_B20,05/17/2023,5,2023,17,R3,T2,4.6-4.8,B20,0,20,20x20,,
20230517_R3_T2_4.8-5_B21,05/17/2023,5,2023,17,R3,T2,4.8-5.0,B21,1,19,20x20,,
20230517_R3_T2_5-5.2_B22,05/17/2023,5,2023,17,R3,T2,5.0-5.2,B22,5,15,20x20,,
20230517_R3_T2_5.2-5.4_B23,05/17/2023,5,2023,17,R3,T2,5.2-5.4,B23,0,19,20x20,1 point on transect,
20230517_R3_T2_5.4-5.6_B24,05/17/2023,5,2023,17,R3,T2,5.4-5.6,B24,2,18,20x20,,
20230517_R3_T2_5.6-5.8_B25,05/17/2023,5,2023,17,R3,T2,5.6-5.8,B25,7,13,20x20,,
20230517_R3_T3_0.8-1_B1,05/17/2023,5,2023,17,R3,T3,0.8-1.0,B1,4,16,20x20,,
20230517_R3_T3_1-1.2_B2,05/17/2023,5,2023,17,R3,T3,1.0-1.2,B2,4,16,20x20,,
20230517_R3_T3_1.2-1.4_B3,05/17/2023,5,2023,17,R3,T3,1.2-1.4,B3,2,18,20x20,,
20230517_R3_T3_1.4-1.6_B4,05/17/2023,5,2023,17,R3,T3,1.4-1.6,B4,1,19,20x20,,
20230517_R3_T3_1.6-1.8_B5,05/17/2023,5,2023,17,R3,T3,1.6-1.8,B5,4,16,20x20,,
20230517_R3_T3_1.8-2_B6,05/17/2023,5,2023,17,R3,T3,1.8-2.0,B6,4,16,20x20,,
20230517_R3_T3_2-2.2_B7,05/17/2023,5,2023,17,R3,T3,2.0-2.2,B7,2,18,20x20,,
20230517_R3_T3_2.2-2.4_B8,05/17/2023,5,2023,17,R3,T3,2.2-2.4,B8,0,20,20x20,,
20230517_R3_T3_2.4-2.6_B9,05/17/2023,5,2023,17,R3,T3,2.4-2.6,B9,2,18,20x20,,
20230517_R3_T3_2.6-2.8_B10,05/17/2023,5,2023,17,R3,T3,2.6-2.8,B10,2,18,20x20,,
20230517_R3_T3_2.8-3_B11,05/17/2023,5,2023,17,R3,T3,2.8-3.0,B11,1,19,20x20,,
20230517_R3_T3_3-3.2_B12,05/17/2023,5,2023,17,R3,T3,3.0-3.2,B12,1,19,20x20,,
20230517_R3_T3_3.2-3.4_B13,05/17/2023,5,2023,17,R3,T3,3.2-3.4,B13,1,19,20x20,,
20230517_R3_T3_3.4-3.6_B14,05/17/2023,5,2023,17,R3,T3,3.4-3.6,B14,3,16,20x20,1 point on transect,
20230517_R3_T3_3.6-3.8_B15,05/17/2023,5,2023,17,R3,T3,3.6-3.8,B15,5,15,20x20,,
20230517_R3_T3_3.8-4_B16,05/17/2023,5,2023,17,R3,T3,3.8-4.0,B16,3,17,20x20,,
20230517_R3_T3_4-4.2_B17,05/17/2023,5,2023,17,R3,T3,4.0-4.2,B17,3,16,20x20,1 point on transect,
20230517_R3_T3_4.2-4.4_B18,05/17/2023,5,2023,17,R3,T3,4.2-4.4,B18,2,17,20x20,1 point on transect,
20230517_R3_T3_4.4-4.6_B19,05/17/2023,5,2023,17,R3,T3,4.4-4.6,B19,5,15,20x20,,
20230517_R3_T3_4.6-4.8_B20,05/17/2023,5,2023,17,R3,T3,4.6-4.8,B20,2,16,20x20,2 points on transect,
20230517_R3_T3_4.8-5_B21,05/17/2023,5,2023,17,R3,T3,4.8-5.0,B21,2,18,20x20,,
20230517_R3_T3_5-5.2_B22,05/17/2023,5,2023,17,R3,T3,5.0-5.2,B22,1,19,20x20,,
20230517_R3_T3_5.2-5.4_B23,05/17/2023,5,2023,17,R3,T3,5.2-5.4,B23,0,20,20x20,,
20230517_R3_T3_5.4-5.6_B24,05/17/2023,5,2023,17,R3,T3,5.4-5.6,B24,0,20,20x20,,
20230517_R3_T3_5.6-5.8_B25,05/17/2023,5,2023,17,R3,T3,5.6-5.8,B25,4,16,20x20,,
20230630_R1_T1_0.9-1.1_B1,06/30/2023,6,2023,30,R1,T1,0.9-1.1,B1,0,18,20x20,"1 point on transect, 1 point on cinderblock",
20230630_R1_T1_1.1-1.3_B2,06/30/2023,6,2023,30,R1,T1,1.1-1.3,B2,0,19,20x20,1 point on transect,
20230630_R1_T1_1.3-1.5_B3,06/30/2023,6,2023,30,R1,T1,1.3-1.5,B3,0,18,20x20,2 points on transect,
20230630_R1_T1_1.5-1.7_B4,06/30/2023,6,2023,30,R1,T1,1.5-1.7,B4,3,17,20x20,,
20230630_R1_T1_1.7-1.9_B5,06/30/2023,6,2023,30,R1,T1,1.7-1.9,B5,4,16,20x20,,
20230630_R1_T1_1.9-2.1_B6,06/30/2023,6,2023,30,R1,T1,1.9-2.1,B6,2,18,20x20,,
20230630_R1_T1_2.1-2.3_B7,06/30/2023,6,2023,30,R1,T1,2.1-2.3,B7,8,12,20x20,,
20230630_R1_T1_2.3-2.5_B8,06/30/2023,6,2023,30,R1,T1,2.3-2.5,B8,6,14,20x20,,
20230630_R1_T1_2.5-2.7_B9,06/30/2023,6,2023,30,R1,T1,2.5-2.7,B9,10,10,20x20,,
20230630_R1_T1_2.7-2.9_B10,06/30/2023,6,2023,30,R1,T1,2.7-2.9,B10,11,9,20x20,,
20230630_R1_T1_2.9-3.1_B11,06/30/2023,6,2023,30,R1,T1,2.9-3.1,B11,11,9,20x20,,
20230630_R1_T1_3.1-3.3_B12,06/30/2023,6,2023,30,R1,T1,3.1-3.3,B12,14,6,20x20,,
20230630_R1_T1_3.3-3.5_B13,06/30/2023,6,2023,30,R1,T1,3.3-3.5,B13,5,15,20x20,,
20230630_R1_T1_3.5-3.7_B14,06/30/2023,6,2023,30,R1,T1,3.5-3.7,B14,11,9,20x20,,
20230630_R1_T1_3.7-3.9_B15,06/30/2023,6,2023,30,R1,T1,3.7-3.9,B15,12,8,20x20,,
20230630_R1_T1_3.9-4.1_B16,06/30/2023,6,2023,30,R1,T1,3.9-4.1,B16,15,5,20x20,,
20230630_R1_T1_4.1-4.3_B17,06/30/2023,6,2023,30,R1,T1,4.1-4.3,B17,16,4,20x20,,
20230630_R1_T1_4.3-4.5_B18,06/30/2023,6,2023,30,R1,T1,4.3-4.5,B18,17,3,20x20,,
20230630_R1_T1_4.5-4.7_B19,06/30/2023,6,2023,30,R1,T1,4.5-4.7,B19,4,16,20x20,,
20230630_R1_T1_4.7-4.9_B20,06/30/2023,6,2023,30,R1,T1,4.7-4.9,B20,14,6,20x20,,
20230630_R1_T1_4.9-5.1_B21,06/30/2023,6,2023,30,R1,T1,4.9-5.1,B21,12,8,20x20,,
20230630_R1_T1_5.1-5.3_B22,06/30/2023,6,2023,30,R1,T1,5.1-5.3,B22,16,4,20x20,,
20230630_R1_T1_5.3-5.5_B23,06/30/2023,6,2023,30,R1,T1,5.3-5.5,B23,6,14,20x20,,
20230630_R1_T1_5.5-5.7_B24,06/30/2023,6,2023,30,R1,T1,5.5-5.7,B24,14,6,20x20,,
20230630_R1_T1_5.7-5.9_B25,06/30/2023,6,2023,30,R1,T1,5.7-5.9,B25,18,2,20x20,,
20230630_R1_T2_0.8-1_B1,06/30/2023,6,2023,30,R1,T2,0.8-1.0,B1,10,9,20x20,1 point on cinderblock,
20230630_R1_T2_1-1.2_B2,06/30/2023,6,2023,30,R1,T2,1.0-1.2,B2,4,16,20x20,,
20230630_R1_T2_1.2-1.4_B3,06/30/2023,6,2023,30,R1,T2,1.2-1.4,B3,4,16,20x20,,
20230630_R1_T2_1.4-1.6_B4,06/30/2023,6,2023,30,R1,T2,1.4-1.6,B4,2,18,20x20,,
20230630_R1_T2_1.6-1.8_B5,06/30/2023,6,2023,30,R1,T2,1.6-1.8,B5,6,14,20x20,,
20230630_R1_T2_1.8-2_B6,06/30/2023,6,2023,30,R1,T2,1.8-2.0,B6,8,12,20x20,,
20230630_R1_T2_2-2.2_B7,06/30/2023,6,2023,30,R1,T2,2.0-2.2,B7,6,14,20x20,,
20230630_R1_T2_2.2-2.4_B8,06/30/2023,6,2023,30,R1,T2,2.2-2.4,B8,7,13,20x20,,
20230630_R1_T2_2.4-2.6_B9,06/30/2023,6,2023,30,R1,T2,2.4-2.6,B9,8,11,20x20,1 point on transect,
20230630_R1_T2_2.6-2.8_B10,06/30/2023,6,2023,30,R1,T2,2.6-2.8,B10,7,13,20x20,,
20230630_R1_T2_2.8-3_B11,06/30/2023,6,2023,30,R1,T2,2.8-3.0,B11,2,18,20x20,,
20230630_R1_T2_3-3.2_B12,06/30/2023,6,2023,30,R1,T2,3.0-3.2,B12,9,10,20x20,1 point on transect,
20230630_R1_T2_3.2-3.4_B13,06/30/2023,6,2023,30,R1,T2,3.2-3.4,B13,9,11,20x20,,
20230630_R1_T2_3.4-3.6_B14,06/30/2023,6,2023,30,R1,T2,3.4-3.6,B14,12,8,20x20,,
20230630_R1_T2_3.6-3.8_B15,06/30/2023,6,2023,30,R1,T2,3.6-3.8,B15,17,2,20x20,1 point on transect,
20230630_R1_T2_3.8-4_B16,06/30/2023,6,2023,30,R1,T2,3.8-4.0,B16,15,5,20x20,,
20230630_R1_T2_4-4.2_B17,06/30/2023,6,2023,30,R1,T2,4.0-4.2,B17,11,9,20x20,,
20230630_R1_T2_4.2-4.4_B18,06/30/2023,6,2023,30,R1,T2,4.2-4.4,B18,10,10,20x20,,
20230630_R1_T2_4.4-4.6_B19,06/30/2023,6,2023,30,R1,T2,4.4-4.6,B19,14,6,20x20,,
20230630_R1_T2_4.6-4.8_B20,06/30/2023,6,2023,30,R1,T2,4.6-4.8,B20,10,10,20x20,,
20230630_R1_T2_4.8-5_B21,06/30/2023,6,2023,30,R1,T2,4.8-5.0,B21,10,10,20x20,,
20230630_R1_T2_5-5.2_B22,06/30/2023,6,2023,30,R1,T2,5.0-5.2,B22,4,16,20x20,,
20230630_R1_T2_5.2-5.4_B23,06/30/2023,6,2023,30,R1,T2,5.2-5.4,B23,11,9,20x20,,
20230630_R1_T2_5.4-5.6_B24,06/30/2023,6,2023,30,R1,T2,5.4-5.6,B24,11,9,20x20,,
20230630_R1_T2_5.6-5.8_B25,06/30/2023,6,2023,30,R1,T2,5.6-5.8,B25,4,16,20x20,1 point on transect,
20230630_R1_T3_0.7-0.9_B1,06/30/2023,6,2023,30,R1,T3,0.7-0.9,B1,4,15,20x20,1 point on transect,
20230630_R1_T3_0.9-1.1_B2,06/30/2023,6,2023,30,R1,T3,0.9-1.1,B2,,,20x20,quadrat could not fit in photo,
20230630_R1_T3_0.9-1.1_B3,06/30/2023,6,2023,30,R1,T3,1.1-1.3,B3,NA,NA,NA,,
20230630_R1_T3_1.3-1.5_B4,06/30/2023,6,2023,30,R1,T3,1.3-1.5,B4,6,13,20x20,1 point on transect,
20230630_R1_T3_1.5-1.7_B5,06/30/2023,6,2023,30,R1,T3,1.5-1.7,B5,3,17,20x20,,
20230630_R1_T3_1.7-1.9_B6,06/30/2023,6,2023,30,R1,T3,1.7-1.9,B6,4,15,20x20,1 point on transect,
20230630_R1_T3_1.9-2.1_B7,06/30/2023,6,2023,30,R1,T3,1.9-2.1,B7,5,14,20x20,1 point on transect,
20230630_R1_T3_2.1-2.3_B8,06/30/2023,6,2023,30,R1,T3,2.1-2.3,B8,11,8,20x20,1 point on transect,
20230630_R1_T3_2.3-2.5_B9,06/30/2023,6,2023,30,R1,T3,2.3-2.5,B9,7,13,20x20,,
20230630_R1_T3_2.5-2.7_B10,06/30/2023,6,2023,30,R1,T3,2.5-2.7,B10,6,14,20x20,,
20230630_R1_T3_2.7-2.9_B11,06/30/2023,6,2023,30,R1,T3,2.7-2.9,B11,11,9,20x20,,
20230630_R1_T3_2.9-3.1_B12,06/30/2023,6,2023,30,R1,T3,2.9-3.1,B12,5,15,20x20,,
20230630_R1_T3_3.1-3.3_B13,06/30/2023,6,2023,30,R1,T3,3.1-3.3,B13,5,14,20x20,1 point on transect,
20230630_R1_T3_3.3-3.5_B14,06/30/2023,6,2023,30,R1,T3,3.3-3.5,B14,5,15,20x20,,
20230630_R1_T3_3.5-3.7_B15,06/30/2023,6,2023,30,R1,T3,3.5-3.7,B15,5,15,20x20,,
20230630_R1_T3_3.7-3.9_B16,06/30/2023,6,2023,30,R1,T3,3.7-3.9,B16,5,15,20x20,,
20230630_R1_T3_3.9-4.1_B17,06/30/2023,6,2023,30,R1,T3,3.9-4.1,B17,3,17,20x20,,
20230630_R1_T3_4.1-4.3_B18,06/30/2023,6,2023,30,R1,T3,4.1-4.3,B18,6,14,20x20,,
20230630_R1_T3_4.3-4.5_B19,06/30/2023,6,2023,30,R1,T3,4.3-4.5,B19,4,16,20x20,,
20230630_R1_T3_4.5-4.7_B20,06/30/2023,6,2023,30,R1,T3,4.5-4.7,B20,2,18,20x20,,
20230630_R1_T3_4.7-4.9_B21,06/30/2023,6,2023,30,R1,T3,4.7-4.9,B21,5,15,20x20,,
20230630_R1_T3_4.9-5.1_B22,06/30/2023,6,2023,30,R1,T3,4.9-5.1,B22,1,19,20x20,,
20230630_R1_T3_5.1-5.3_B23,06/30/2023,6,2023,30,R1,T3,5.1-5.3,B23,0,20,20x20,,
20230630_R1_T3_5.3-5.5_B24,06/30/2023,6,2023,30,R1,T3,5.3-5.5,B24,3,17,20x20,,
20230630_R1_T3_5.5-5.7_B25,06/30/2023,6,2023,30,R1,T3,5.5-5.7,B25,9,11,20x20,,
20230630_R2_T1_0.7-0.9_B1,6/30/2023,6,2023,30,R2,T1,0.7-0.9,B1,0,17,20x20,3 points on cinderblock,
20230630_R2_T1_0.9-1.1_B2,6/30/2023,6,2023,30,R2,T1,0.9-1.1,B2,0,20,20x20,,
20230630_R2_T1_1.1-1.3_B3,6/30/2023,6,2023,30,R2,T1,1.1-1.3,B3,2,18,20x20,,
20230630_R2_T1_1.3-1.5_B4,6/30/2023,6,2023,30,R2,T1,1.3-1.5,B4,,,20x20, quadrat could not fit in photo,
20230630_R2_T1_1.5-1.7_B5,6/30/2023,6,2023,30,R2,T1,1.5-1.7,B5,1,19,20x20,,
20230630_R2_T1_1.7-1.9_B6,6/30/2023,6,2023,30,R2,T1,1.7-1.9,B6,1,19,20x20,,
20230630_R2_T1_1.7-1.9_B7,6/30/2023,6,2023,30,R2,T1,1.9-2.1,B7,2,18,20x20,,
20230630_R2_T1_1.7-1.9_B8,6/30/2023,6,2023,30,R2,T1,2.1-2.3,B8,NA,NA,NA,,
20230630_R2_T1_1.7-1.9_B9,6/30/2023,6,2023,30,R2,T1,2.3-2.5,B9,NA,NA,NA,,
20230630_R2_T1_2.5-2.7_B10,6/30/2023,6,2023,30,R2,T1,2.5-2.7,B10,5,15,20x20,,
20230630_R2_T1_2.7-2.9_B11,6/30/2023,6,2023,30,R2,T1,2.7-2.9,B11,0,20,20x20,,
20230630_R2_T1_2.9-3.1_B12,6/30/2023,6,2023,30,R2,T1,2.9-3.1,B12,6,14,20x20,,
20230630_R2_T1_3.1-3.3_B13,6/30/2023,6,2023,30,R2,T1,3.1-3.3,B13,1,19,20x20,,
20230630_R2_T1_3.3-3.5_B14,6/30/2023,6,2023,30,R2,T1,3.3-3.5,B14,4,16,20x20,,
20230630_R2_T1_3.5-3.7_B15,6/30/2023,6,2023,30,R2,T1,3.5-3.7,B15,2,18,20x20,,
20230630_R2_T1_3.7-3.9_B16,6/30/2023,6,2023,30,R2,T1,3.7-3.9,B16,0,20,20x20,,
20230630_R2_T1_3.9-4.1_B17,6/30/2023,6,2023,30,R2,T1,3.9-4.1,B17,2,18,20x20,,
20230630_R2_T1_4.1-4.3_B18,6/30/2023,6,2023,30,R2,T1,4.1-4.3,B18,1,19,20x20,,
20230630_R2_T1_4.3-4.5_B19,6/30/2023,6,2023,30,R2,T1,4.3-4.5,B19,2,18,20x20,,
20230630_R2_T1_4.5-4.7_B20,6/30/2023,6,2023,30,R2,T1,4.5-4.7,B20,0,20,20x20,,
20230630_R2_T1_4.7-4.9_B21,6/30/2023,6,2023,30,R2,T1,4.7-4.9,B21,2,18,20x20,,
20230630_R2_T1_4.9-5.1_B22,6/30/2023,6,2023,30,R2,T1,4.9-5.1,B22,7,13,20x20,,
20230630_R2_T1_5.1-5.3_B23,6/30/2023,6,2023,30,R2,T1,5.1-5.3,B23,,,20x20,obstruction in photo blocks vision of ocean floor in quadrat ,
20230630_R2_T1_5.3-5.5_B24,6/30/2023,6,2023,30,R2,T1,5.3-5.5,B24,1,19,20x20,,
20230630_R2_T1_5.5-5.7_B25,6/30/2023,6,2023,30,R2,T1,5.5-5.7,B25,3,17,20x20,,
20230630_R2_T2_0.7-0.9_B1,6/30/2023,6,2023,30,R2,T2,0.7-0.9,B1,0,20,20x20,,
20230630_R2_T2_0.9-1.1_B2,6/30/2023,6,2023,30,R2,T2,0.9-1.1,B2,0,20,20x20,,
20230630_R2_T2_1.1-1.3_B3,6/30/2023,6,2023,30,R2,T2,1.1-1.3,B3,1,19,20x20,,
20230630_R2_T2_1.3-1.5_B4,6/30/2023,6,2023,30,R2,T2,1.3-1.5,B4,0,20,20x20,,
20230630_R2_T2_1.5-1.7_B5,6/30/2023,6,2023,30,R2,T2,1.5-1.7,B5,2,17,20x20,1 point on transect,
20230630_R2_T2_1.7-1.9_B6,6/30/2023,6,2023,30,R2,T2,1.7-1.9,B6,1,19,20x20,,
20230630_R2_T2_1.9-2.1_B7,6/30/2023,6,2023,30,R2,T2,1.9-2.1,B7,2,18,20x20,,
20230630_R2_T2_2.1-2.3_B8,6/30/2023,6,2023,30,R2,T2,2.1-2.3,B8,6,13,20x20,1 point on transect,
20230630_R2_T2_2.3-2.5_B9,6/30/2023,6,2023,30,R2,T2,2.3-2.5,B9,3,17,20x20,,
20230630_R2_T2_2.5-2.7_B10,6/30/2023,6,2023,30,R2,T2,2.5-2.7,B10,2,17,20x20,1 point on transect,
20230630_R2_T2_2.7-2.9_B11,6/30/2023,6,2023,30,R2,T2,2.7-2.9,B11,6,14,20x20,,
20230630_R2_T2_2.9-3.1_B12,6/30/2023,6,2023,30,R2,T2,2.9-3.1,B12,5,15,20x20,,
20230630_R2_T2_3.1-3.3_B13,6/30/2023,6,2023,30,R2,T2,3.1-3.3,B13,2,18,20x20,,
20230630_R2_T2_3.3-3.5_B14,6/30/2023,6,2023,30,R2,T2,3.3-3.5,B14,5,15,20x20,,
20230630_R2_T2_3.5-3.7_B15,6/30/2023,6,2023,30,R2,T2,3.5-3.7,B15,8,12,20x20,,
20230630_R2_T2_3.7-3.9_B16,6/30/2023,6,2023,30,R2,T2,3.7-3.9,B16,5,15,20x20,,
20230630_R2_T2_3.9-4.1_B17,6/30/2023,6,2023,30,R2,T2,3.9-4.1,B17,4,16,20x20,,
20230630_R2_T2_4.1-4.3_B18,6/30/2023,6,2023,30,R2,T2,4.1-4.3,B18,13,7,20x20,,
20230630_R2_T2_4.3-4.5_B19,6/30/2023,6,2023,30,R2,T2,4.3-4.5,B19,16,4,20x20,,
20230630_R2_T2_4.5-4.7_B20,6/30/2023,6,2023,30,R2,T2,4.5-4.7,B20,15,5,20x20,,
20230630_R2_T2_4.7-4.9_B21,6/30/2023,6,2023,30,R2,T2,4.7-4.9,B21,13,7,20x20,,
20230630_R2_T2_4.9-5.1_B22,6/30/2023,6,2023,30,R2,T2,4.9-5.1,B22,10,10,20x20,,
20230630_R2_T2_5.1-5.3_B23,6/30/2023,6,2023,30,R2,T2,5.1-5.3,B23,14,5,20x20,1 point on transect,
20230630_R2_T2_5.3-5.5_B24,6/30/2023,6,2023,30,R2,T2,5.3-5.5,B24,8,12,20x20,,
20230630_R2_T2_5.5-5.7_B25,6/30/2023,6,2023,30,R2,T2,5.5-5.7,B25,10,10,20x20,,
20230630_R2_T3_1-1.2_B1,6/30/2023,6,2023,30,R2,T3,1.0-1.2,B1,0,19,20x20,1 point on cinderblock,
20230630_R2_T3_1.2-1.4_B2,6/30/2023,6,2023,30,R2,T3,1.2-1.4,B2,1,19,20x20,,
20230630_R2_T3_1.4-1.6_B3,6/30/2023,6,2023,30,R2,T3,1.4-1.6,B3,0,20,20x20,,
20230630_R2_T3_1.6-1.8_B4,6/30/2023,6,2023,30,R2,T3,1.6-1.8,B4,1,19,20x20,,
20230630_R2_T3_1.8-2_B5,6/30/2023,6,2023,30,R2,T3,1.8-2.0,B5,0,20,20x20,,
20230630_R2_T3_2-2.2_B6,6/30/2023,6,2023,30,R2,T3,2.0-2.2,B6,1,19,20x20,,
20230630_R2_T3_2.2-2.4_B7,6/30/2023,6,2023,30,R2,T3,2.2-2.4,B7,2,18,20x20,,
20230630_R2_T3_2.4-2.6_B8,6/30/2023,6,2023,30,R2,T3,2.4-2.6,B8,2,18,20x20,,
20230630_R2_T3_2.6-2.8_B9,6/30/2023,6,2023,30,R2,T3,2.6-2.8,B9,2,18,20x20,,
20230630_R2_T3_2.8-3_B10,6/30/2023,6,2023,30,R2,T3,2.8-3.0,B10,4,16,20x20,,
20230630_R2_T3_3-3.2_B11,6/30/2023,6,2023,30,R2,T3,3.0-3.2,B11,9,10,20x20,1 point on transect,
20230630_R2_T3_3.2-3.4_B12,6/30/2023,6,2023,30,R2,T3,3.2-3.4,B12,1,19,20x20,,
20230630_R2_T3_3.4-3.6_B13,6/30/2023,6,2023,30,R2,T3,3.4-3.6,B13,2,18,20x20,,
20230630_R2_T3_3.6-3.8_B14,6/30/2023,6,2023,30,R2,T3,3.6-3.8,B14,8,12,20x20,,
20230630_R2_T3_3.8-4_B15,6/30/2023,6,2023,30,R2,T3,3.8-4.0,B15,10,10,20x20,,
20230630_R2_T3_4-4.2_B16,6/30/2023,6,2023,30,R2,T3,4.0-4.2,B16,0,20,20x20,,
20230630_R2_T3_4.2-4.4_B17,6/30/2023,6,2023,30,R2,T3,4.2-4.4,B17,6,14,20x20,,
20230630_R2_T3_4.4-4.6_B18,6/30/2023,6,2023,30,R2,T3,4.4-4.6,B18,,,20x20,skipped. blurry and shadows ,
20230630_R2_T3_4.6-4.8_B19,6/30/2023,6,2023,30,R2,T3,4.6-4.8,B19,5,15,20x20,,
20230630_R2_T3_4.8-5_B20,6/30/2023,6,2023,30,R2,T3,4.8-5.0,B20,7,13,20x20,,
20230630_R2_T3_5-5.2_B21,6/30/2023,6,2023,30,R2,T3,5.0-5.2,B21,13,7,20x20,,
20230630_R2_T3_5.2-5.4_B22,6/30/2023,6,2023,30,R2,T3,5.2-5.4,B22,1,19,20x20,,
20230630_R2_T3_5.4-5.6_B23,6/30/2023,6,2023,30,R2,T3,5.4-5.6,B23,6,14,20x20,,
20230630_R2_T3_5.6-5.8_B24,6/30/2023,6,2023,30,R2,T3,5.6-5.8,B24,7,13,20x20,,
20230630_R2_T3_5.8-6.0_B25,6/30/2023,6,2023,30,R2,T3,5.8-6.0,B25,8,12,20x20,,
20230630_R3_T1_0.7-0.9_B1,6/30/2023,6,2023,30,R3,T1,0.7-0.9,B1,6,14,20x20,,
20230630_R3_T1_0.9-1.1_B2,6/30/2023,6,2023,30,R3,T1,0.9-1.1,B2,2,18,20x20,,
20230630_R3_T1_1.1-1.3_B3,6/30/2023,6,2023,30,R3,T1,1.1-1.3,B3,3,17,20x20,,
20230630_R3_T1_1.3-1.5_B4,6/30/2023,6,2023,30,R3,T1,1.3-1.5,B4,1,19,20x20,,
20230630_R3_T1_1.5-1.7_B5,6/30/2023,6,2023,30,R3,T1,1.5-1.7,B5,1,18,20x20,1 point on transect,
20230630_R3_T1_1.7-1.9_B6,6/30/2023,6,2023,30,R3,T1,1.7-1.9,B6,2,18,20x20,,
20230630_R3_T1_1.9-2.1_B7,6/30/2023,6,2023,30,R3,T1,1.9-2.1,B7,1,19,20x20,,
20230630_R3_T1_2.1-2.3_B8,6/30/2023,6,2023,30,R3,T1,2.1-2.3,B8,6,14,20x20,,
20230630_R3_T1_2.3-2.5_B9,6/30/2023,6,2023,30,R3,T1,2.3-2.5,B9,6,14,20x20,,
20230630_R3_T1_2.5-2.7_B10,6/30/2023,6,2023,30,R3,T1,2.5-2.7,B10,,,20x20,skipped. blurry and shadows,
20230630_R3_T1_2.7-2.9_B11,6/30/2023,6,2023,30,R3,T1,2.7-2.9,B11,5,15,20x20,blurry and shadows,
20230630_R3_T1_2.9-3.1_B12,6/30/2023,6,2023,30,R3,T1,2.9-3.1,B12,5,15,20x20,blurry and shadows,
20230630_R3_T1_3.1-3.3_B13,6/30/2023,6,2023,30,R3,T1,3.1-3.3,B13,4,16,20x20,,
20230630_R3_T1_3.3-3.5_B14,6/30/2023,6,2023,30,R3,T1,3.3-3.5,B14,5,15,20x20,,
20230630_R3_T1_3.5-3.7_B15,6/30/2023,6,2023,30,R3,T1,3.5-3.7,B15,7,13,20x20,,
20230630_R3_T1_3.7-3.9_B16,6/30/2023,6,2023,30,R3,T1,3.7-3.9,B16,6,14,20x20,,
20230630_R3_T1_3.9-4.1_B17,6/30/2023,6,2023,30,R3,T1,3.9-4.1,B17,6,14,20x20,,
20230630_R3_T1_4.1-4.3_B18,6/30/2023,6,2023,30,R3,T1,4.1-4.3,B18,4,16,20x20,,
20230630_R3_T1_4.3-4.5_B19,6/30/2023,6,2023,30,R3,T1,4.3-4.5,B19,6,14,20x20,,
20230630_R3_T1_4.5-4.7_B20,6/30/2023,6,2023,30,R3,T1,4.5-4.7,B20,11,9,20x20,,
20230630_R3_T1_4.7-4.9_B21,6/30/2023,6,2023,30,R3,T1,4.7-4.9,B21,11,8,20x20,1 point on transect,
20230630_R3_T1_4.9-5.1_B22,6/30/2023,6,2023,30,R3,T1,4.9-5.1,B22,11,9,20x20,,
20230630_R3_T1_5.1-5.3_B23,6/30/2023,6,2023,30,R3,T1,5.1-5.3,B23,11,9,20x20,1 point on transect,
20230630_R3_T1_5.3-5.5_B24,6/30/2023,6,2023,30,R3,T1,5.3-5.5,B24,14,6,20x20,,
20230630_R3_T1_5.5-5.7_B25,6/30/2023,6,2023,30,R3,T1,5.5-5.7,B25,13,5,20x20,2 points pn transect,
20230630_R3_T2_0.8-1_B1,06/30/2023,6,2023,30,R3,T2,0.8-1.0,B1,5,15,20x20,,
20230630_R3_T2_1-1.2_B2,06/30/2023,6,2023,30,R3,T2,1.0-1.2,B2,4,16,20x20,,
20230630_R3_T2_1.2-1.4_B3,06/30/2023,6,2023,30,R3,T2,1.2-1.4,B3,4,16,20x20,,
20230630_R3_T2_1.4-1.6_B4,06/30/2023,6,2023,30,R3,T2,1.4-1.6,B4,4,16,20x20,,
20230630_R3_T2_1.6-1.8_B5,06/30/2023,6,2023,30,R3,T2,1.6-1.8,B5,2,18,20x20,,
20230630_R3_T2_1.8-2_B6,06/30/2023,6,2023,30,R3,T2,1.8-2.0,B6,1,19,20x20,,
20230630_R3_T2_2-2.2_B7,06/30/2023,6,2023,30,R3,T2,2.0-2.2,B7,0,20,20x20,,
20230630_R3_T2_2.2-2.4_B8,06/30/2023,6,2023,30,R3,T2,2.2-2.4,B8,2,18,20x20,,
20230630_R3_T2_2.4-2.6_B9,06/30/2023,6,2023,30,R3,T2,2.4-2.6,B9,3,17,20x20,,
20230630_R3_T2_2.6-2.8_B10,06/30/2023,6,2023,30,R3,T2,2.6-2.8,B10,4,16,20x20,,
20230630_R3_T2_2.8-3_B11,06/30/2023,6,2023,30,R3,T2,2.8-3.0,B11,3,17,20x20,,
20230630_R3_T2_3-3.2_B12,06/30/2023,6,2023,30,R3,T2,3.0-3.2,B12,0,20,20x20,,
20230630_R3_T2_3.2-3.4_B13,06/30/2023,6,2023,30,R3,T2,3.2-3.4,B13,1,19,20x20,,
20230630_R3_T2_3.4-3.6_B14,06/30/2023,6,2023,30,R3,T2,3.4-3.6,B14,0,20,20x20,,
20230630_R3_T2_3.6-3.8_B15,06/30/2023,6,2023,30,R3,T2,3.6-3.8,B15,1,19,20x20,,
20230630_R3_T2_3.8-4_B16,06/30/2023,6,2023,30,R3,T2,3.8-4.0,B16,3,17,20x20,,
20230630_R3_T2_4-4.2_B17,06/30/2023,6,2023,30,R3,T2,4.0-4.2,B17,1,19,20x20,,
20230630_R3_T2_4.2-4.4_B18,06/30/2023,6,2023,30,R3,T2,4.2-4.4,B18,1,19,20x20,,
20230630_R3_T2_4.4-4.6_B19,06/30/2023,6,2023,30,R3,T2,4.4-4.6,B19,5,15,20x20,,
20230630_R3_T2_4.6-4.8_B20,06/30/2023,6,2023,30,R3,T2,4.6-4.8,B20,3,17,20x20,,
20230630_R3_T2_4.8-5_B21,06/30/2023,6,2023,30,R3,T2,4.8-5.0,B21,4,16,20x20,,
20230630_R3_T2_5-5.2_B22,06/30/2023,6,2023,30,R3,T2,5.0-5.2,B22,2,18,20x20,,
20230630_R3_T2_5.2-5.4_B23,06/30/2023,6,2023,30,R3,T2,5.2-5.4,B23,4,16,20x20,,
20230630_R3_T2_5.4-5.6_B24,06/30/2023,6,2023,30,R3,T2,5.4-5.6,B24,4,16,20x20,,
20230630_R3_T2_5.6-5.8_B25,06/30/2023,6,2023,30,R3,T2,5.6-5.8,B25,5,13,20x20,2 points on transect,
20230630_R3_T3_1-1.2_B1,6/30/2023,6,2023,30,R3,T3,1.0-1.2,B1,1,19,20x20,,
20230630_R3_T3_1.2-1.4_B2,6/30/2023,6,2023,30,R3,T3,1.2-1.4,B2,1,19,20x20,,
20230630_R3_T3_1.4-1.6_B3,6/30/2023,6,2023,30,R3,T3,1.4-1.6,B3,1,19,20x20,,
20230630_R3_T3_1.6-1.8_B4,6/30/2023,6,2023,30,R3,T3,1.6-1.8,B4,1,19,20x20,,
20230630_R3_T3_1.8-2_B5,6/30/2023,6,2023,30,R3,T3,1.8-2.0,B5,2,18,20x20,,
20230630_R3_T3_2-2.2_B6,6/30/2023,6,2023,30,R3,T3,2.0-2.2,B6,2,17,20x20,1 point on transect,
20230630_R3_T3_2.2-2.4_B7,6/30/2023,6,2023,30,R3,T3,2.2-2.4,B7,4,16,20x20,,
20230630_R3_T3_2.4-2.6_B8,6/30/2023,6,2023,30,R3,T3,2.4-2.6,B8,3,17,20x20,,
20230630_R3_T3_2.6-2.8_B9,6/30/2023,6,2023,30,R3,T3,2.6-2.8,B9,5,15,20x20,,
20230630_R3_T3_2.8-3_B10,6/30/2023,6,2023,30,R3,T3,2.8-3.0,B10,6,14,20x20,,
20230630_R3_T3_3-3.2_B11,6/30/2023,6,2023,30,R3,T3,3.0-3.2,B11,5,15,20x20,,
20230630_R3_T3_3.2-3.4_B12,6/30/2023,6,2023,30,R3,T3,3.2-3.4,B12,14,6,20x20,,
20230630_R3_T3_3.4-3.6_B13,6/30/2023,6,2023,30,R3,T3,3.4-3.6,B13,11,9,20x20,,
20230630_R3_T3_3.6-3.8_B14,6/30/2023,6,2023,30,R3,T3,3.6-3.8,B14,9,11,20x20,,
20230630_R3_T3_3.8-4_B15,6/30/2023,6,2023,30,R3,T3,3.8-4.0,B15,4,16,20x20,,
20230630_R3_T3_4-4.2_B16,6/30/2023,6,2023,30,R3,T3,4.0-4.2,B16,4,16,20x20,,
20230630_R3_T3_4.2-4.4_B17,6/30/2023,6,2023,30,R3,T3,4.2-4.4,B17,7,13,20x20,,
20230630_R3_T3_4.4-4.6_B18,6/30/2023,6,2023,30,R3,T3,4.4-4.6,B18,9,11,20x20,,
20230630_R3_T3_4.6-4.8_B19,6/30/2023,6,2023,30,R3,T3,4.6-4.8,B19,8,12,20x20,,
20230630_R3_T3_4.8-5_B20,6/30/2023,6,2023,30,R3,T3,4.8-5.0,B20,9,10,20x20,1 point on transect,
20230630_R3_T3_5-5.2_B21,6/30/2023,6,2023,30,R3,T3,5.0-5.2,B21,2,18,20x20,,
20230630_R3_T3_5.2-5.4_B22,6/30/2023,6,2023,30,R3,T3,5.2-5.4,B22,3,17,20x20,,
20230630_R3_T3_5.4-5.6_B23,6/30/2023,6,2023,30,R3,T3,5.4-5.6,B23,7,13,20x20,,
20230630_R3_T3_5.6-5.8_B24,6/30/2023,6,2023,30,R3,T3,5.6-5.8,B24,6,14,20x20,,
20230630_R3_T3_5.8-6.0_B25,6/30/2023,6,2023,30,R3,T3,5.8-6.0,B25,3,17,20x20,,
20230828_R1_T1_0.9-1.1_B1,8/28/2023,8,2023,28,R1,T1,0.9-1.1,B1,3,15,20x20,2 points on cinder block,seagrass
20230828_R1_T1_1.1-1.3_B2,8/28/2023,8,2023,28,R1,T1,1.1-1.3,B2,3,17,20x20,,seagrass
20230828_R1_T1_1.3-1.5_B3,8/28/2023,8,2023,28,R1,T1,1.3-1.5,B3,5,15,20x20,,seagrass
20230828_R1_T1_1.5-1.7_B4 ,8/28/2023,8,2023,28,R1,T1,1.5-1.7,B4,7,13,20x20,,seagrass
20230828_R1_T1_1.7-1.9_B5,8/28/2023,8,2023,28,R1,T1,1.7-1.9,B5,4,16,20x20,,seagrass
20230828_R1_T1_1.9-2.1_B6,8/28/2023,8,2023,28,R1,T1,1.9-2.1,B6,1,19,20x20,,seagrass
20230828_R1_T1_2.1-2.3_B7,8/28/2023,8,2023,28,R1,T1,2.1-2.3,B7,2,18,20x20,,mix
20230828_R1_T1_2.3-2.5_B8,8/28/2023,8,2023,28,R1,T1,2.3-2.5,B8,3,17,20x20,,algae
20230828_R1_T1_2.5-2.7_B9,8/28/2023,8,2023,28,R1,T1,2.5-2.7,B9,6,14,20x20,,seagrass
20230828_R1_T1_2.7-2.9_B10,8/28/2023,8,2023,28,R1,T1,2.7-2.9,B10,2,18,20x20,,mix
20230828_R1_T1_2.9-3.1_B11,8/28/2023,8,2023,28,R1,T1,2.9-3.1,B11,5,15,20x20,,algae
20230828_R1_T1_3.1-3.3_B12,8/28/2023,8,2023,28,R1,T1,3.1-3.3,B12,5,15,20x20,,mix
20230828_R1_T1_3.3-3.5_B13 ,8/28/2023,8,2023,28,R1,T1,3.3-3.5,B13,3,16,20x20,1 point on transect,seagrass
20230828_R1_T1_3.5-3.7_B14,8/28/2023,8,2023,28,R1,T1,3.5-3.7,B14,3,17,20x20,,mix
20230828_R1_T1_3.7-3.9_B15,8/28/2023,8,2023,28,R1,T1,3.7-3.9,B15,5,15,20x20,,mix
20230828_R1_T1_3.9-4.1_B16,8/28/2023,8,2023,28,R1,T1,3.9-4.1,B16,,,20x20,"image too blurry, skipped",mix
20230828_R1_T1_4.1-4.3_B17,8/28/2023,8,2023,28,R1,T1,4.1-4.3,B17,2,18,20x20,,seagrass
20230828_R1_T1_4.3-4.5_B18,8/28/2023,8,2023,28,R1,T1,4.3-4.5,B18,4,16,20x20,,mix
20230828_R1_T1_4.5-4.7_B19,8/28/2023,8,2023,28,R1,T1,4.5-4.7,B19,2,18,20x20,,seagrass
20230828_R1_T1_4.7-4.9_B20,8/28/2023,8,2023,28,R1,T1,4.7-4.9,B20,,,20x20,"image too blurry, skipped ",algae
20230828_R1_T1_4.9-5.1_B21,8/28/2023,8,2023,28,R1,T1,4.9-5.1,B21,0,20,20x20,,mix
20230828_R1_T1_5.1-5.3_B22,8/28/2023,8,2023,28,R1,T1,5.1-5.3,B22,3,17,20x20,,algae
20230828_R1_T1_5.3-5.5_B23,8/28/2023,8,2023,28,R1,T1,5.3-5.5,B23,1,19,20x20,,algae
20230828_R1_T1_5.5-5.7_B24,8/28/2023,8,2023,28,R1,T1,5.5-5.7,B24,2,18,20x20,,algae
20230828_R1_T1_5.7-5.9_B25,8/28/2023,8,2023,28,R1,T1,5.7-5.9,B25,7,13,20x20,,mix
20230828_R1_T2_0.8-1_B1,8/28/2023,8,2023,28,R1,T2,0.8-1.0,B1,,,20x20,"image too dark, skipped",seagrass
20230828_R1_T2_1-1.2_B2,8/28/2023,8,2023,28,R1,T2,1.0-1.2,B2,6,14,20x20,,seagrass
20230828_R1_T2_1.2-1.4_B3,8/28/2023,8,2023,28,R1,T2,1.2-1.4,B3,4,16,20x20,,seagrass
20230828_R1_T2_1.4-1.6_B4,8/28/2023,8,2023,28,R1,T2,1.4-1.6,B4,2,18,20x20,,seagrass
20230828_R1_T2_1.6-1.8_B5,8/28/2023,8,2023,28,R1,T2,1.6-1.8,B5,8,12,20x20,,algae
20230828_R1_T2_1.8-2_B6,8/28/2023,8,2023,28,R1,T2,1.8-2.0,B6,0,19,20x20,1 point on transect,seagrass
20230828_R1_T2_2-2.2_B7,8/28/2023,8,2023,28,R1,T2,2.0-2.2,B7,3,17,20x20,,mix
20230828_R1_T2_2.2-2.4_B8,8/28/2023,8,2023,28,R1,T2,2.2-2.4,B8,6,14,20x20,,algae
20230828_R1_T2_2.4-2.6_B9,8/28/2023,8,2023,28,R1,T2,2.4-2.6,B9,,,20x20,"unable to read transect, skipped",algae
20230828_R1_T2_2.6-2.8_B10,8/28/2023,8,2023,28,R1,T2,2.6-2.8,B10,,,20x20,"image too blurry, skipped",
20230828_R1_T2_2.8-3_B11,8/28/2023,8,2023,28,R1,T2,2.8-3.0,B11,5,15,20x20,,algae
20230828_R1_T2_3-3.2_B12,8/28/2023,8,2023,28,R1,T2,3.0-3.2,B12,2,18,20x20,,mix
20230828_R1_T2_3.2-3.4_B13,8/28/2023,8,2023,28,R1,T2,3.2-3.4,B13,2,18,20x20,,seagrass
20230828_R1_T2_3.4-3.6_B14,8/28/2023,8,2023,28,R1,T2,3.4-3.6,B14,2,18,20x20,,seagrass
20230828_R1_T2_3.6-3.8_B15,8/28/2023,8,2023,28,R1,T2,3.6-3.8,B15,1,19,20x20,,seagrass
20230828_R1_T2_3.8-4_B16,8/28/2023,8,2023,28,R1,T2,3.8-4.0,B16,3,17,20x20,,seagrass
20230828_R1_T2_4-4.2_B17,8/28/2023,8,2023,28,R1,T2,4.0-4.2,B17,1,19,20x20,,seagrass
20230828_R1_T2_4.2-4.4_B18,8/28/2023,8,2023,28,R1,T2,4.2-4.4,B18,1,19,20x20,,seagrass
20230828_R1_T2_4.4-4.6_B19,8/28/2023,8,2023,28,R1,T2,4.4-4.6,B19,1,19,20x20,,seagrass
20230828_R1_T2_4.6-4.8_B20,8/28/2023,8,2023,28,R1,T2,4.6-4.8,B20,0,20,20x20,,mix
20230828_R1_T2_4.8-5_B21,8/28/2023,8,2023,28,R1,T2,4.8-5.0,B21,1,19,20x20,,mix
20230828_R1_T2_5-5.2_B22,8/28/2023,8,2023,28,R1,T2,5.0-5.2,B22,2,18,20x20,,seagrass
20230828_R1_T2_5.2-5.4_B23,8/28/2023,8,2023,28,R1,T2,5.2-5.4,B23,3,17,20x20,,mix
20230828_R1_T2_5.4-5.6_B24,8/28/2023,8,2023,28,R1,T2,5.4-5.6,B24,7,13,20x20,,algae
20230828_R1_T2_5.6-5.8_B25,8/28/2023,8,2023,28,R1,T2,5.6-5.8,B25,1,19,20x20,,algae
20230828_R1_T3_0.9-1.1_B1,8/28/2023,8,2023,28,R1,T3,0.9-1.1,B1,6,14,20x20,,seagrass
20230828_R1_T3_1.1-1.3_B2,8/28/2023,8,2023,28,R1,T3,1.1-1.3,B2,7,13,20x20,,seagrass
20230828_R1_T3_1.3-1.5_B3,8/28/2023,8,2023,28,R1,T3,1.3-1.5,B3,7,13,20x20,,seagrass
20230828_R1_T3_1.5-1.7_B4,8/28/2023,8,2023,28,R1,T3,1.5-1.7,B4,6,14,20x20,,seagrass
20230828_R1_T3_1.7-1.9_B5,8/28/2023,8,2023,28,R1,T3,1.7-1.9,B5,1,19,20x20,,seagrass
20230828_R1_T3_1.9-2.1_B6,8/28/2023,8,2023,28,R1,T3,1.9-2.1,B6,3,17,20x20,,seagrass
20230828_R1_T3_2.1-2.3_B7,8/28/2023,8,2023,28,R1,T3,2.1-2.3,B7,1,19,20x20,,algae
20230828_R1_T3_2.3-2.5_B8,8/28/2023,8,2023,28,R1,T3,2.3-2.5,B8,5,15,20x20,,seagrass
20230828_R1_T3_2.5-2.7_B9,8/28/2023,8,2023,28,R1,T3,2.5-2.7,B9,4,16,20x20,,mix
20230828_R1_T3_2.7-2.9_B10,8/28/2023,8,2023,28,R1,T3,2.7-2.9,B10,2,18,20x20,,mix
20230828_R1_T3_2.9-3.1_B11,8/28/2023,8,2023,28,R1,T3,2.9-3.1,B11,4,16,20x20,,seagrass
20230828_R1_T3_3.1-3.3_B12,8/28/2023,8,2023,28,R1,T3,3.1-3.3,B12,6,14,20x20,,mix
20230828_R1_T3_3.3-3.5_B13,8/28/2023,8,2023,28,R1,T3,3.3-3.5,B13,8,12,20x20,,algae
20230828_R1_T3_3.5-3.7_B14,8/28/2023,8,2023,28,R1,T3,3.5-3.7,B14,2,18,20x20,,algae
20230828_R1_T3_3.7-3.9_B15,8/28/2023,8,2023,28,R1,T3,3.7-3.9,B15,3,17,20x20,,mix
20230828_R1_T3_3.9-4.1_B16,8/28/2023,8,2023,28,R1,T3,3.9-4.1,B16,4,16,20x20,,mix
20230828_R1_T3_4.1-4.3_B17,8/28/2023,8,2023,28,R1,T3,4.1-4.3,B17,8,12,20x20,,algae
20230828_R1_T3_4.3-4.5_B18,8/28/2023,8,2023,28,R1,T3,4.3-4.5,B18,6,14,20x20,,algae
20230828_R1_T3_4.5-4.7_B19,8/28/2023,8,2023,28,R1,T3,4.5-4.7,B19,7,13,20x20,,algae
20230828_R1_T3_4.7-4.9_B20,8/28/2023,8,2023,28,R1,T3,4.7-4.9,B20,3,17,20x20,,mix
20230828_R1_T3_4.9-5.1_B21,8/28/2023,8,2023,28,R1,T3,4.9-5.1,B21,5,15,20x20,,seagrass
20230828_R1_T3_5.1-5.3_B22,8/28/2023,8,2023,28,R1,T3,5.1-5.3,B22,3,17,20x20,,seagrass
20230828_R1_T3_5.3-5.5_B23,8/28/2023,8,2023,28,R1,T3,5.3-5.5,B23,3,17,20x20,,seagrass
20230828_R1_T3_5.5-5.7_B24,8/28/2023,8,2023,28,R1,T3,5.5-5.7,B24,5,15,20x20,,mix
20230828_R1_T3_5.7-5.9_B25,8/28/2023,8,2023,28,R1,T3,5.7-5.9,B25,5,15,20x20,,mix
20230828_R2_T1_0.6-0.8_B1,8/28/2023,8,2023,28,R2,T1,0.6-0.8,B1,7,13,20x20,,seagrass
20230828_R2_T1_0.8-1_B2,8/28/2023,8,2023,28,R2,T1,0.8-1.0,B2,6,14,20x20,,seagrass
20230828_R2_T1_1-1.2_B3,8/28/2023,8,2023,28,R2,T1,1.0-1.2,B3,6,14,20x20,,seagrass
20230828_R2_T1_1.2-1.4_B4,8/28/2023,8,2023,28,R2,T1,1.2-1.4,B4,0,20,20x20,,seagrass
20230828_R2_T1_1.4-1.6_B5,8/28/2023,8,2023,28,R2,T1,1.4-1.6,B5,5,15,20x20,,seagrass
20230828_R2_T1_1.6-1.8_B6,8/28/2023,8,2023,28,R2,T1,1.6-1.8,B6,6,14,20x20,,seagrass
20230828_R2_T1_1.8-2_B7,8/28/2023,8,2023,28,R2,T1,1.8-2.0,B7,5,15,20x20,,seagrass
20230828_R2_T1_2-2.2_B8,8/28/2023,8,2023,28,R2,T1,2.0-2.2,B8,4,16,20x20,,seagrass
20230828_R2_T1_2.2-2.4_B9,8/28/2023,8,2023,28,R2,T1,2.2-2.4,B9,8,12,20x20,,mix
20230828_R2_T1_2.4-2.6_B10,8/28/2023,8,2023,28,R2,T1,2.4-2.6,B10,5,15,20x20,,algae
20230828_R2_T1_2.6-2.8_B11,8/28/2023,8,2023,28,R2,T1,2.6-2.8,B11,,,20x20,"trasect not visible, skipped",
20230828_R2_T1_2.8-3_B12,8/28/2023,8,2023,28,R2,T1,2.8-3.0,B12,5,15,20x20,,mix
20230828_R2_T1_3-3.2_B13,8/28/2023,8,2023,28,R2,T1,3.0-3.2,B13,7,13,20x20,,mix
20230828_R2_T1_3.2-3.4_B14,8/28/2023,8,2023,28,R2,T1,3.2-3.4,B14,13,7,20x20,,mix
20230828_R2_T1_3.4-3.6_B15,8/28/2023,8,2023,28,R2,T1,3.4-3.6,B15,5,15,20x20,,mix
20230828_R2_T1_3.6-3.8_B16,8/28/2023,8,2023,28,R2,T1,3.6-3.8,B16,,,20x20,"transect not visible, skipped",
20230828_R2_T1_3.8-4_B17,8/28/2023,8,2023,28,R2,T1,3.8-4.0,B17,6,14,20x20,,algae
20230828_R2_T1_4-4.2_B18,8/28/2023,8,2023,28,R2,T1,4.0-4.2,B18,5,15,20x20,,algae
20230828_R2_T1_4.2-4.4_B19,8/28/2023,8,2023,28,R2,T1,4.2-4.4,B19,5,15,20x20,,algae
20230828_R2_T1_4.4-4.6_B20,8/28/2023,8,2023,28,R2,T1,4.4-4.6,B20,3,17,20x20,,algae
20230828_R2_T1_4.6-4.8_B21,8/28/2023,8,2023,28,R2,T1,4.6-4.8,B21,2,18,20x20,,mix
20230828_R2_T1_4.8-5_B22,8/28/2023,8,2023,28,R2,T1,4.8-5.0,B22,7,13,20x20,,algae
20230828_R2_T1_5-5.2_B23,8/28/2023,8,2023,28,R2,T1,5.0-5.2,B23,17,3,20x20,,algae
20230828_R2_T1_5.2-5.4_B24,8/28/2023,8,2023,28,R2,T1,5.2-5.4,B24,10,9,20x20,1 point on transect,algae
20230828_R2_T1_5.4-5.6_B25,8/28/2023,8,2023,28,R2,T1,5.4-5.6,B25,8,12,20x20,,algae
20230828_R2_T2_0.6-0.8_B1,8/28/2023,8,2023,28,R2,T2,0.6-0.8,B1,6,14,20x20,,seagrass
20230828_R2_T2_0.8-1_B2,8/28/2023,8,2023,28,R2,T2,0.8-1.0,B2,4,16,20x20,,seagrass
20230828_R2_T2_1-1.2_B3,8/28/2023,8,2023,28,R2,T2,1.0-1.2,B3,2,18,20x20,,seagrass
"20230828_R2_T2_1,2-1.4_B4",8/28/2023,8,2023,28,R2,T2,1.2-1.4,B4,2,18,20x20,,seagrass
20230828_R2_T2_1.4-1.6_B5,8/28/2023,8,2023,28,R2,T2,1.4-1.6,B5,3,17,20x20,,seagrass
20230828_R2_T2_1.6-1.8_B6,8/28/2023,8,2023,28,R2,T2,1.6-1.8,B6,2,18,20x20,,seagrass
20230828_R2_T2_1.8-2_B7,8/28/2023,8,2023,28,R2,T2,1.8-2.0,B7,3,17,20x20,,seagrass
20230828_R2_T2_2-2.2_B8,8/28/2023,8,2023,28,R2,T2,2.0-2.2,B8,6,14,20x20,,seagrass
20230828_R2_T2_2.2-2.4_B9,8/28/2023,8,2023,28,R2,T2,2.2-2.4,B9,5,15,20x20,,seagrass
20230828_R2_T2_2.4-2.6_B10,8/28/2023,8,2023,28,R2,T2,2.4-2.6,B10,4,16,20x20,,algae
20230828_R2_T2_2.6-2.8_B11,8/28/2023,8,2023,28,R2,T2,2.6-2.8,B11,3,17,20x20,,algae
20230828_R2_T2_2.8-3_B12,8/28/2023,8,2023,28,R2,T2,2.8-3.0,B12,8,12,20x20,,algae
20230828_R2_T2_3-3.2_B13,8/28/2023,8,2023,28,R2,T2,3.0-3.2,B13,4,16,20x20,,mix
20230828_R2_T2_3.2-3.4_B14,8/28/2023,8,2023,28,R2,T2,3.2-3.4,B14,10,10,20x20,,algae
20230828_R2_T2_3.4-3.6_B15,8/28/2023,8,2023,28,R2,T2,3.4-3.6,B15,9,11,20x20,,seagrass
20230828_R2_T2_3.6-3.8_B16,8/28/2023,8,2023,28,R2,T2,3.6-3.8,B16,3,17,20x20,,mix
20230828_R2_T2_3.8-4_B17,8/28/2023,8,2023,28,R2,T2,3.8-4.0,B17,4,16,20x20,,mix
20230828_R2_T2_4-4.2_B18,8/28/2023,8,2023,28,R2,T2,4.0-4.2,B18,5,15,20x20,,mix
20230828_R2_T2_4.2-4.4_B19,8/28/2023,8,2023,28,R2,T2,4.2-4.4,B19,4,16,20x20,,mix
20230828_R2_T2_4.4-4.6_B20,8/28/2023,8,2023,28,R2,T2,4.4-4.6,B20,7,13,20x20,,algae
20230828_R2_T2_4.6-4.8_B21,8/28/2023,8,2023,28,R2,T2,4.6-4.8,B21,10,10,20x20,,algae
20230828_R2_T2_4.8-5_B22,8/28/2023,8,2023,28,R2,T2,4.8-5.0,B22,2,18,20x20,,algae
20230828_R2_T2_5-5.2_B23,8/28/2023,8,2023,28,R2,T2,5.0-5.2,B23,1,19,20x20,,seagrass
20230828_R2_T2_5.2-5.4_B24,8/28/2023,8,2023,28,R2,T2,5.2-5.4,B24,6,14,20x20,,algae
20230828_R2_T2_5.4-5.6_B25,8/28/2023,8,2023,28,R2,T2,5.4-5.6,B25,15,5,20x20,,algae
20230828_R2_T3_0.8-1_B1,8/28/2023,8,2023,28,R2,T3,0.8-1.0,B1,6,14,20x20,,seagrass
20230828_R2_T3_1-1.2_B2,8/28/2023,8,2023,28,R2,T3,1.0-1.2,B2,5,14,20x20,1 point on transect,seagrass
20230828_R2_T3_1.2-1.4_B3,8/28/2023,8,2023,28,R2,T3,1.2-1.4,B3,3,17,20x20,,seagrass
20230828_R2_T3_1.4-1.6_B4,8/28/2023,8,2023,28,R2,T3,1.4-1.6,B4,4,16,20x20,,seagrass
20230828_R2_T3_1.6-1.8_B5,8/28/2023,8,2023,28,R2,T3,1.6-1.8,B5,4,16,20x20,,seagrass
20230828_R2_T3_1.8-2_B6,8/28/2023,8,2023,28,R2,T3,1.8-2.0,B6,2,18,20x20,,seagrass
20230828_R2_T3_2-2.2_B7,8/28/2023,8,2023,28,R2,T3,2.0-2.2,B7,3,17,20x20,,seagrass
20230828_R2_T3_2.2-2.4_B8,8/28/2023,8,2023,28,R2,T3,2.2-2.4,B8,4,16,20x20,,seagrass
20230828_R2_T3_2.4-2.6_B9,8/28/2023,8,2023,28,R2,T3,2.4-2.6,B9,3,17,20x20,,seagrass
20230828_R2_T3_2.6-2.8_B10,8/28/2023,8,2023,28,R2,T3,2.6-2.8,B10,1,19,20x20,,seagrass
20230828_R2_T3_2.8-3_B11,8/28/2023,8,2023,28,R2,T3,2.8-3.0,B11,4,16,20x20,,seagrass
20230828_R2_T3_3-3.2_B12,8/28/2023,8,2023,28,R2,T3,3.0-3.2,B12,,,20x20,end of distance transect not visible,
20230828_R2_T3_3.2-3.4_B13,8/28/2023,8,2023,28,R2,T3,3.2-3.4,B13,3,16,20x20,1 point on transect,mix
20230828_R2_T3_3.4-3.6_B14,8/28/2023,8,2023,28,R2,T3,3.4-3.6,B14,10,10,20x20,,algae
20230828_R2_T3_3.6-3.8_B15,8/28/2023,8,2023,28,R2,T3,3.6-3.8,B15,15,5,20x20,,algae
20230828_R2_T3_3.8-4_B16,8/28/2023,8,2023,28,R2,T3,3.8-4.0,B16,4,16,20x20,,mix
20230828_R2_T3_4-4.2_B17,8/28/2023,8,2023,28,R2,T3,4.0-4.2,B17,5,15,20x20,,seagrass
20230828_R2_T3_4.2-4.4_B18,8/28/2023,8,2023,28,R2,T3,4.2-4.4,B18,9,11,20x20,,mix
20230828_R2_T3_4.4-4.6_B19,8/28/2023,8,2023,28,R2,T3,4.4-4.6,B19,9,11,20x20,,mix
20230828_R2_T3_4.6-4.8_B20,8/28/2023,8,2023,28,R2,T3,4.6-4.8,B20,8,12,20x20,,algae
20230828_R2_T3_4.8-5_B21,8/28/2023,8,2023,28,R2,T3,4.8-5.0,B21,2,18,20x20,,mix
20230828_R2_T3_5-5.2_B22,8/28/2023,8,2023,28,R2,T3,5.0-5.2,B22,6,14,20x20,,algae
20230828_R2_T3_5.2-5.4_B23,8/28/2023,8,2023,28,R2,T3,5.2-5.4,B23,4,15,20x20,1 point on transect,seagrass
20230828_R2_T3_5.4-5.6_B24,8/28/2023,8,2023,28,R2,T3,5.4-5.6,B24,12,8,20x20,,algae
20230828_R2_T3_5.6-5.8_B25,8/28/2023,8,2023,28,R2,T3,5.6-5.8,B25,11,9,20x20,,algae
20230823_R3_T1_0.7-0.9_B1,8/28/2023,8,2023,28,R3,T1,0.7-0.9,B1,4,15,20x20,1 point on transect,seagrass
20230828_R3_T1_0.9-1.1_B2,8/28/2023,8,2023,28,R3,T1,0.9-1.1,B2,5,15,20x20,,seagrass
20230828_R3_T1_1.1-1.3_B3,8/28/2023,8,2023,28,R3,T1,1.1-1.3,B3,2,18,20x20,,seagrass
20230828_R3_T1_1.3-1.5_B4,8/28/2023,8,2023,28,R3,T1,1.3-1.5,B4,7,13,20x20,,mix
20230828_R3_T1_1.5-1.7_B5,8/28/2023,8,2023,28,R3,T1,1.5-1.7,B5,6,14,20x20,,seagrass
20230828_R3_T1_1.7-1.9_B6,8/28/2023,8,2023,28,R3,T1,1.7-1.9,B6,11,9,20x20,,mix
20230828_R3_T1_1.9-2.1_B7,8/28/2023,8,2023,28,R3,T1,1.9-2.1,B7,9,11,20x20,,algae
20230828_R3_T1_2.1-2.3_B8,8/28/2023,8,2023,28,R3,T1,2.1-2.3,B8,10,10,20x20,,algae
20230828_R3_T1_2.3-2.5_B9,8/28/2023,8,2023,28,R3,T1,2.3-2.5,B9,14,6,20x20,,algae
20230828_R3_T1_2.5-2.7_B10,8/28/2023,8,2023,28,R3,T1,2.5-2.7,B10,11,9,20x20,,algae
20230828_R3_T1_2.7-2.9_B11,8/28/2023,8,2023,28,R3,T1,2.7-2.9,B11,6,14,20x20,,algae
20230828_R3_T1_2.9-3.1_B12,8/28/2023,8,2023,28,R3,T1,2.9-3.1,B12,11,9,20x20,,algae
20230828_R3_T1_3.1-3.3_B13,8/28/2023,8,2023,28,R3,T1,3.1-3.3,B13,17,2,20x20,1 point on transect,algae
20230828_R3_T1_3.3-3.5_B14,8/28/2023,8,2023,28,R3,T1,3.3-3.5,B14,18,2,20x20,,algae
20230828_R3_T1_3.5-3.7_B15,8/28/2023,8,2023,28,R3,T1,3.5-3.7,B15,14,6,20x20,,algae
20230828_R3_T1_3.7-3.9_B16,8/28/2023,8,2023,28,R3,T1,3.7-3.9,B16,17,2,20x20,1 point on transect,algae
20230828_R3_T1_3.9-4.1_B17,8/28/2023,8,2023,28,R3,T1,3.9-4.1,B17,15,5,20x20,,algae
20230828_R3_T1_4.1-4.3_B18,8/28/2023,8,2023,28,R3,T1,4.1-4.3,B18,8,12,20x20,,algae
20230828_R3_T1_4.3-4.5_B19,8/28/2023,8,2023,28,R3,T1,4.3-4.5,B19,11,9,20x20,,algae
20230828_R3_T1_4.5-4.7_B20,8/28/2023,8,2023,28,R3,T1,4.5-4.7,B20,18,1,20x20,1 point on transect,algae
20230828_R3_T1_4.7-4.9_B21,8/28/2023,8,2023,28,R3,T1,4.7-4.9,B21,13,7,20x20,,algae
20230828_R3_T1_4.9-5.1_B22,8/28/2023,8,2023,28,R3,T1,4.9-5.1,B22,17,3,20x20,,algae
20230828_R3_T1_5.1-5.3_B23,8/28/2023,8,2023,28,R3,T1,5.1-5.3,B23,18,2,20x20,,algae
20230828_R3_T1_5.3-5.5_B24,8/28/2023,8,2023,28,R3,T1,5.3-5.5,B24,19,1,20x20,,algae
20230828_R3_T1_5.5-5.7_B25,8/28/2023,8,2023,28,R3,T1,5.5-5.7,B25,18,2,20x20,,algae
20230828_R3_T2_0.7-0.9_B1,8/28/2023,8,2023,28,R3,T2,0.7-0.9,B1,5,15,20x20,,seagrass
20230828_R3_T2_0.9-1.1_B2,8/28/2023,8,2023,28,R3,T2,0.9-1.1,B2,5,15,20x20,,seagrass
20230828_R3_T2_1.1-1.3_B3,8/28/2023,8,2023,28,R3,T2,1.1-1.3,B3,8,12,20x20,,seagrass
20230828_R3_T2_1.3-1.5_B4,8/28/2023,8,2023,28,R3,T2,1.3-1.5,B4,3,17,20x20,,seagrass
20230828_R3_T2_1.5-1.7_B5,8/28/2023,8,2023,28,R3,T2,1.5-1.7,B5,9,11,20x20,,seagrass
20230828_R3_T2_1.7-1.9_B6,8/28/2023,8,2023,28,R3,T2,1.7-1.9,B6,6,14,20x20,,seagrass
20230828_R3_T2_1.9-2.1_B7,8/28/2023,8,2023,28,R3,T2,1.9-2.1,B7,11,9,20x20,,seagrass
20230828_R3_T2_2.1-2.3_B8,8/28/2023,8,2023,28,R3,T2,2.1-2.3,B8,18,2,20x20,,mix
20230828_R3_T2_2.3-2.5_B9,8/28/2023,8,2023,28,R3,T2,2.3-2.5,B9,17,3,20x20,,mix
20230828_R3_T2_2.5-2.7_B10,8/28/2023,8,2023,28,R3,T2,2.5-2.7,B10,11,9,20x20,,seagrass
20230828_R3_T2_2.7-2.9_B11,8/28/2023,8,2023,28,R3,T2,2.7-2.9,B11,10,10,20x20,,mix
20230828_R3_T2_2.9-3.1_B12,8/28/2023,8,2023,28,R3,T2,2.9-3.1,B12,11,9,20x20,,mix
20230828_R3_T2_3.1-3.3_B13,8/28/2023,8,2023,28,R3,T2,3.1-3.3,B13,9,11,20x20,,mix
20230828_R3_T2_3.3-3.5_B14,8/28/2023,8,2023,28,R3,T2,3.3-3.5,B14,12,8,20x20,,algae
20230828_R3_T2_3.5-3.7_B15,8/28/2023,8,2023,28,R3,T2,3.5-3.7,B15,17,3,20x20,,algae
20230828_R3_T2_3.7-3.9_B16,8/28/2023,8,2023,28,R3,T2,3.7-3.9,B16,13,7,20x20,,algae
20230828_R3_T2_3.9-4.1_B17,8/28/2023,8,2023,28,R3,T2,3.9-4.1,B17,16,4,20x20,,algae
20230828_R3_T2_4.1-4.3_B18,8/28/2023,8,2023,28,R3,T2,4.1-4.3,B18,11,9,20x20,,algae
20230828_R3_T2_4.3-4.5_B19,8/28/2023,8,2023,28,R3,T2,4.3-4.5,B19,7,13,20x20,,mix
20230828_R3_T2_4.5-4.7_B20,8/28/2023,8,2023,28,R3,T2,4.5-4.7,B20,18,2,20x20,,algae
20230828_R3_T2_4.7-4.9_B21,8/28/2023,8,2023,28,R3,T2,4.7-4.9,B21,15,5,20x20,,algae
20230828_R3_T2_4.9-5.1_B22,8/28/2023,8,2023,28,R3,T2,4.9-5.1,B22,13,7,20x20,,algae
20230828_R3_T2_5.1-5.3_B23,8/28/2023,8,2023,28,R3,T2,5.1-5.3,B23,5,15,20x20,,mix
20230828_R3_T2_5.3-5.5_B24,8/28/2023,8,2023,28,R3,T2,5.3-5.5,B24,6,14,20x20,,seagrass
20230828_R3_T2_5.5-5.7_B25,8/28/2023,8,2023,28,R3,T2,5.5-5.7,B25,9,11,20x20,,mix
20230828_R3_T3_0.8-1_B1,8/28/2023,8,2023,28,R3,T3,0.8-1.0,B1,4,16,20x20,,seagrass
20230828_R3_T3_1-1.2_B2,8/28/2023,8,2023,28,R3,T3,1.0-1.2,B2,,,20x20,"start of distance transect not visible, skipped",
20230828_R3_T3_1.2-1.4_B3,8/28/2023,8,2023,28,R3,T3,1.2-1.4,B3,3,17,20x20,,seagrass
20230828_R3_T3_1.4-1.6_B4,8/28/2023,8,2023,28,R3,T3,1.4-1.6,B4,4,16,20x20,,seagrass
20230828_R3_T3_1.6-1.8_B5,8/28/2023,8,2023,28,R3,T3,1.6-1.8,B5,3,17,20x20,,seagrass
20230828_R3_T3_1.8-2_B6,8/28/2023,8,2023,28,R3,T3,1.8-2.0,B6,4,16,20x20,,seagrass
20230828_R3_T3_2-2.2_B7,8/28/2023,8,2023,28,R3,T3,2.0-2.2,B7,0,20,20x20,,seagrass
20230828_R3_T3_2.2-2.4_B8,8/28/2023,8,2023,28,R3,T3,2.2-2.4,B8,3,17,20x20,,mix
20230828_R3_T3_2.4-2.6_B9,8/28/2023,8,2023,28,R3,T3,2.4-2.6,B9,7,13,20x20,,algae
20230828_R3_T3_2.6-2.8_B10,8/28/2023,8,2023,28,R3,T3,2.6-2.8,B10,15,5,20x20,,algae
20230828_R3_T3_2.8-3_B11,8/28/2023,8,2023,28,R3,T3,2.8-3.0,B11,14,6,20x20,,algae
20230828_R3_T3_3-3.2_B12,8/28/2023,8,2023,28,R3,T3,3.0-3.2,B12,8,12,20x20,,algae
20230828_R3_T3_3.2-3.4_B13,8/28/2023,8,2023,28,R3,T3,3.2-3.4,B13,9,11,20x20,,algae
20230828_R3_T3_3.4-3.6_B14,8/28/2023,8,2023,28,R3,T3,3.4-3.6,B14,9,11,20x20,,algae
20230828_R3_T3_3.6-3.8_B15,8/28/2023,8,2023,28,R3,T3,3.6-3.8,B15,16,4,20x20,,algae
20230828_R3_T3_3.8-4_B16,8/28/2023,8,2023,28,R3,T3,3.8-4.0,B16,18,2,20x20,,algae
20230828_R3_T3_4-4.2_B17,8/28/2023,8,2023,28,R3,T3,4.0-4.2,B17,13,7,20x20,,algae
20230828_R3_T3_4.2-4.4_B18,8/28/2023,8,2023,28,R3,T3,4.2-4.4,B18,10,10,20x20,,algae
20230828_R3_T3_4.4-4.6_B19,8/28/2023,8,2023,28,R3,T3,4.4-4.6,B19,17,3,20x20,,algae
20230828_R3_T3_4.6-4.8_B20,8/28/2023,8,2023,28,R3,T3,4.6-4.8,B20,16,4,20x20,,algae
20230828_R3_T3_4.8-5_B21,8/28/2023,8,2023,28,R3,T3,4.8-5.0,B21,13,7,20x20,,algae
20230828_R3_T3_5-5.2_B22,8/28/2023,8,2023,28,R3,T3,5.0-5.2,B22,19,1,20x20,,algae
20230828_R3_T3_5.2-5.4_B23,8/28/2023,8,2023,28,R3,T3,5.2-5.4,B23,3,17,20x20,,algae
20230828_R3_T3_5.4-5.6_B24,8/28/2023,8,2023,28,R3,T3,5.4-5.6,B24,7,13,20x20,,algae
20230828_R3_T3_5.6-5.8_B25,8/28/2023,8,2023,28,R3,T3,5.6-5.8,B25,10,10,20x20,,algae
20230927_R1_T1_0.6-0.8_B1,9/27/2023,9,2023,27,R1,T1,0.6-0.8,B1,0,18,20x20,2 points on cinderblock,seagrass
20230927_R1_T1_0.8-1_B2,9/27/2023,9,2023,27,R1,T1,0.8-1.0,B2,1,19,20x20,,seagrass
20230927_R1_T1_1-1.2_B3,9/27/2023,9,2023,27,R1,T1,1.0-1.2,B3,4,16,20x20,,seagrass
20230927_R1_T1_1.2-1.4_B4,9/27/2023,9,2023,27,R1,T1,1.2-1.4,B4,2,18,20x20,,seagrass
20230927_R1_T1_1.4-1.6_B5,9/27/2023,9,2023,27,R1,T1,1.4-1.6,B5,2,18,20x20,,seagrass
20230927_R1_T1_1.6-1.8_B6,9/27/2023,9,2023,27,R1,T1,1.6-1.8,B6,2,18,20x20,,seagrass
20230927_R1_T1_1.8-2_B7,9/27/2023,9,2023,27,R1,T1,1.8-2.0,B7,4,16,20x20,,seagrass
20230927_R1_T1_2-2.2_B8,9/27/2023,9,2023,27,R1,T1,2.0-2.2,B8,7,12,20x20,1 point on transect,mix
20230927_R1_T1_2.2-2.4_B9,9/27/2023,9,2023,27,R1,T1,2.2-2.4,B9,14,6,20x20,,mix
20230927_R1_T1_2.4-2.6_B10,9/27/2023,9,2023,27,R1,T1,2.4-2.6,B10,14,6,20x20,,mix
20230927_R1_T1_2.6-2.8_B11,9/27/2023,9,2023,27,R1,T1,2.6-2.8,B11,11,9,20x20,,mix
20230927_R1_T1_2.8-3_B12,9/27/2023,9,2023,27,R1,T1,2.8-3.0,B12,9,11,20x20,,mix
20230927_R1_T1_3-3.2_B13,9/27/2023,9,2023,27,R1,T1,3.0-3.2,B13,5,15,20x20,,mix
20230927_R1_T1_3.2-3.4_B14,9/27/2023,9,2023,27,R1,T1,3.2-3.4,B14,6,14,20x20,,mix
20230927_R1_T1_3.4-3.6_B15,9/27/2023,9,2023,27,R1,T1,3.4-3.6,B15,9,11,20x20,,mix
20230927_R1_T1_3.6-3.8_B16,9/27/2023,9,2023,27,R1,T1,3.6-3.8,B16,8,12,20x20,,mix
20230927_R1_T1_3.8-4_B17,9/27/2023,9,2023,27,R1,T1,3.8-4.0,B17,9,11,20x20,,mix
20230927_R1_T1_4-4.2_B18,9/27/2023,9,2023,27,R1,T1,4.0-4.2,B18,4,16,20x20,,mix
20230927_R1_T1_4.2-4.4_B19,9/27/2023,9,2023,27,R1,T1,4.2-4.4,B19,7,13,20x20,,mix
20230927_R1_T1_4.4-4.6_B20,9/27/2023,9,2023,27,R1,T1,4.4-4.6,B20,9,11,20x20,,mix
20230927_R1_T1_4.6-4.8_B21,9/27/2023,9,2023,27,R1,T1,4.6-4.8,B21,4,16,20x20,,mix
20230927_R1_T1_4.8-5_B22,9/27/2023,9,2023,27,R1,T1,4.8-5.0,B22,3,17,20x20,,mix
20230927_R1_T1_5-5.2_B23,9/27/2023,9,2023,27,R1,T1,5.0-5.2,B23,3,17,20x20,,seagrass
20230927_R1_T1_5.2-5.4_B24,9/27/2023,9,2023,27,R1,T1,5.2-5.4,B24,,,20x20,skipped,
20230927_R1_T1_5.4-5.6_B25,9/27/2023,9,2023,27,R1,T1,5.4-5.6,B25,6,14,20x20,,seagrass
20230927_R1_T2_0.8-1_B1,9/27/2023,9,2023,27,R1,T2,0.8-1.0,B1,2,18,20x20,,seagrass
20230927_R1_T2_1-1.2_B2,9/27/2023,9,2023,27,R1,T2,1.0-1.2,B2,0,20,20x20,,seagrass
20230927_R1_T2_1.2-1.4_B3,9/27/2023,9,2023,27,R1,T2,1.2-1.4,B3,5,15,20x20,,seagrass
20230927_R1_T2_1.4-1.6_B4,9/27/2023,9,2023,27,R1,T2,1.4-1.6,B4,6,14,20x20,,seagrass
20230927_R1_T2_1.6-1.8_B5,9/27/2023,9,2023,27,R1,T2,1.6-1.8,B5,3,17,20x20,,seagrass
20230927_R1_T2_1.8-2_B6,9/27/2023,9,2023,27,R1,T2,1.8-2.0,B6,4,16,20x20,,seagrass
20230927_R1_T2_2-2.2_B7,9/27/2023,9,2023,27,R1,T2,2.0-2.2,B7,3,17,20x20,,seagrass
20230927_R1_T2_2.2-2.4_B8,9/27/2023,9,2023,27,R1,T2,2.2-2.4,B8,12,8,20x20,,seagrass
20230927_R1_T2_2.4-2.6_B9,9/27/2023,9,2023,27,R1,T2,2.4-2.6,B9,9,11,20x20,,seagrass
20230927_R1_T2_2.6-2.8_B10,9/27/2023,9,2023,27,R1,T2,2.6-2.8,B10,4,16,20x20,,seagrass
20230927_R1_T2_2.8-3_B11,9/27/2023,9,2023,27,R1,T2,2.8-3.0,B11,8,12,20x20,,seagrass
20230927_R1_T2_3-3.2_B12,9/27/2023,9,2023,27,R1,T2,3.0-3.2,B12,8,12,20x20,,seagrass
20230927_R1_T2_3.2-3.4_B13,9/27/2023,9,2023,27,R1,T2,3.2-3.4,B13,7,13,20x20,,seagrass
20230927_R1_T2_3.4-3.6_B14,9/27/2023,9,2023,27,R1,T2,3.4-3.6,B14,4,16,20x20,,seagrass
20230927_R1_T2_3.6-3.8_B15,9/27/2023,9,2023,27,R1,T2,3.6-3.8,B15,5,15,20x20,,seagrass
20230927_R1_T2_3.8-4_B16,9/27/2023,9,2023,27,R1,T2,3.8-4.0,B16,2,18,20x20,,seagrass
20230927_R1_T2_4-4.2_B17,9/27/2023,9,2023,27,R1,T2,4.0-4.2,B17,4,16,20x20,,seagrass
20230927_R1_T2_4.2-4.4_B18,9/27/2023,9,2023,27,R1,T2,4.2-4.4,B18,5,15,20x20,,seagrass
20230927_R1_T2_4.4-4.6_B19,9/27/2023,9,2023,27,R1,T2,4.4-4.6,B19,3,17,20x20,,seagrass
20230927_R1_T2_4.6-4.8_B20,9/27/2023,9,2023,27,R1,T2,4.6-4.8,B20,6,14,20x20,,mix
20230927_R1_T2_4.8-5_B21,9/27/2023,9,2023,27,R1,T2,4.8-5.0,B21,7,13,20x20,,seagrass
20230927_R1_T2_5-5.2_B22,9/27/2023,9,2023,27,R1,T2,5.0-5.2,B22,6,14,20x20,,seagrass
20230927_R1_T2_5.2-5.4_B23,9/27/2023,9,2023,27,R1,T2,5.2-5.4,B23,7,13,20x20,,seagrass
20230927_R1_T2_5.4-5.6_B24,9/27/2023,9,2023,27,R1,T2,5.4-5.6,B24,7,13,20x20,,seagrass
20230927_R1_T2_5.6-5.8_B25,9/27/2023,9,2023,27,R1,T2,5.6-5.8,B25,8,12,20x20,,seagrass
20230927_R1_T3_0.6-0.8_B1,9/27/2023,9,2023,27,R1,T3,0.6-0.8,B1,0,17,20x20,3 points on cinderblock,seagrass
20230927_R1_T3_0.8-1_B2,9/27/2023,9,2023,27,R1,T3,0.8-1.0,B2,2,18,20x20,,seagrass
20230927_R1_T3_1-1.2_B3,9/27/2023,9,2023,27,R1,T3,1.0-1.2,B3,2,18,20x20,,seagrass
20230927_R1_T3_1.2-1.4_B4,9/27/2023,9,2023,27,R1,T3,1.2-1.4,B4,1,19,20x20,,seagrass
20230927_R1_T3_1.4-1.6_B5,9/27/2023,9,2023,27,R1,T3,1.4-1.6,B5,2,18,20x20,,seagrass
20230927_R1_T3_1.6-1.8_B6,9/27/2023,9,2023,27,R1,T3,1.6-1.8,B6,5,15,20x20,,seagrass
20230927_R1_T3_1.8-2_B7,9/27/2023,9,2023,27,R1,T3,1.8-2.0,B7,4,16,20x20,,seagrass
20230927_R1_T3_2-2.2_B8,9/27/2023,9,2023,27,R1,T3,2.0-2.2,B8,6,14,20x20,,seagrass
20230927_R1_T3_2.2-2.4_B9,9/27/2023,9,2023,27,R1,T3,2.2-2.4,B9,,,20x20,Skipped,
20230927_R1_T3_2.4-2.6_B10,9/27/2023,9,2023,27,R1,T3,2.4-2.6,B10,,,20x20,Skipped,
20230927_R1_T3_2.6-2.8_B11,9/27/2023,9,2023,27,R1,T3,2.6-2.8,B11,5,15,20x20,,seagrass
20230927_R1_T3_2.8-3_B12,9/27/2023,9,2023,27,R1,T3,2.8-3.0,B12,5,15,20x20,,algae
20230927_R1_T3_3-3.2_B13,9/27/2023,9,2023,27,R1,T3,3.0-3.2,B13,11,9,20x20,,mix
20230927_R1_T3_3.2-3.4_B14,9/27/2023,9,2023,27,R1,T3,3.2-3.4,B14,6,14,20x20,,mix
20230927_R1_T3_3.4-3.6_B15,9/27/2023,9,2023,27,R1,T3,3.4-3.6,B15,7,13,20x20,,seagrass
20230927_R1_T3_3.6-3.8_B16,9/27/2023,9,2023,27,R1,T3,3.6-3.8,B16,6,14,20x20,,seagrass
20230927_R1_T3_3.8-4_B17,9/27/2023,9,2023,27,R1,T3,3.8-4.0,B17,7,13,20x20,,seagrass
20230927_R1_T3_4-4.2_B18,9/27/2023,9,2023,27,R1,T3,4.0-4.2,B18,4,16,20x20,,mix
20230927_R1_T3_4.2-4.4_B19,9/27/2023,9,2023,27,R1,T3,4.2-4.4,B19,2,18,20x20,,mix
20230927_R1_T3_4.4-4.6_B20,9/27/2023,9,2023,27,R1,T3,4.4-4.6,B20,7,13,20x20,,seagrass
20230927_R1_T3_4.6-4.8_B21,9/27/2023,9,2023,27,R1,T3,4.6-4.8,B21,5,15,20x20,,seagrass
20230927_R1_T3_4.8-5_B22,9/27/2023,9,2023,27,R1,T3,4.8-5.0,B22,3,17,20x20,,mix
20230927_R1_T3_5-5.2_B23,9/27/2023,9,2023,27,R1,T3,5.0-5.2,B23,5,15,20x20,,seagrass
20230927_R1_T3_5.2-5.4_B24,9/27/2023,9,2023,27,R1,T3,5.2-5.4,B24,4,16,20x20,,seagrass
20230927_R1_T3_5.4-5.6_B25,9/27/2023,9,2023,27,R1,T3,5.4-5.6,B25,4,16,20x20,,seagrass
20230927_R2_T1_0.5-0.7_B1,9/27/2023,9,2023,27,R2,T1,0.5-0.7,B1,8,10,20x20,2 points on cinderblock,seagrass
20230927_R2_T1_0.7-0.9_B2,9/27/2023,9,2023,27,R2,T1,0.7-0.9,B2,6,14,20x20,,seagrass
20230927_R2_T1_0.9-1.1_B3,9/27/2023,9,2023,27,R2,T1,0.9-1.1,B3,12,8,20x20,,seagrass
20230927_R2_T1_1.1-1.3_B4,9/27/2023,9,2023,27,R2,T1,1.1-1.3,B4,8,12,20x20,,seagrass
20230927_R2_T1_1.3-1.5_B5,9/27/2023,9,2023,27,R2,T1,1.3-1.5,B5,3,17,20x20,,seagrass
20230927_R2_T1_1.5-1.7_B6,9/27/2023,9,2023,27,R2,T1,1.5-1.7,B6,3,17,20x20,,seagrass
20230927_R2_T1_1.7-1.9_B7,9/27/2023,9,2023,27,R2,T1,1.7-1.9,B7,2,18,20x20,,seagrass
20230927_R2_T1_1.9-2.1_B8,9/27/2023,9,2023,27,R2,T1,1.9-2.1,B8,1,19,20x20,,seagrass
20230927_R2_T1_2.1-2.3_B9,9/27/2023,9,2023,27,R2,T1,2.1-2.3,B9,11,9,20x20,,mix
20230927_R2_T1_2.3-2.5_B10,9/27/2023,9,2023,27,R2,T1,2.3-2.5,B10,,,20x20,"Skipped, too zoomed in",
20230927_R2_T1_2.5-2.7_B11,9/27/2023,9,2023,27,R2,T1,2.5-2.7,B11,,,20x20,"Skipped, too zoomed in",
20230927_R2_T1_2.7-2.9_B12,9/27/2023,9,2023,27,R2,T1,2.7-2.9,B12,6,14,20x20,,mix
20230927_R2_T1_2.9-3.1_B13,9/27/2023,9,2023,27,R2,T1,2.9-3.1,B13,7,13,20x20,,mix
20230927_R2_T1_3.1-3.3_B14,9/27/2023,9,2023,27,R2,T1,3.1-3.3,B14,13,7,20x20,,algae
20230927_R2_T1_3.3-3.5_B15,9/27/2023,9,2023,27,R2,T1,3.3-3.5,B15,10,10,20x20,,algae
20230927_R2_T1_3.5-3.7_B16,9/27/2023,9,2023,27,R2,T1,3.5-3.7,B16,6,14,20x20,,algae
20230927_R2_T1_3.7-3.9_B17,9/27/2023,9,2023,27,R2,T1,3.7-3.9,B17,10,10,20x20,,algae
20230927_R2_T1_3.9-4.1_B18,9/27/2023,9,2023,27,R2,T1,3.9-4.1,B18,15,5,20x20,,algae
20230927_R2_T1_4.1-4.3_B19,9/27/2023,9,2023,27,R2,T1,4.1-4.3,B19,11,9,20x20,,algae
20230927_R2_T1_4.3-4.5_B20,9/27/2023,9,2023,27,R2,T1,4.3-4.5,B20,8,12,20x20,,mix
20230927_R2_T1_4.5-4.7_B21,9/27/2023,9,2023,27,R2,T1,4.5-4.7,B21,10,10,20x20,,mix
20230927_R2_T1_4.7-4.9_B22,9/27/2023,9,2023,27,R2,T1,4.7-4.9,B22,14,6,20x20,,mix
20230927_R2_T1_4.9-5.1_B23,9/27/2023,9,2023,27,R2,T1,4.9-5.1,B23,13,7,20x20,,algae
20230927_R2_T1_5.1-5.3_B24,9/27/2023,9,2023,27,R2,T1,5.1-5.3,B24,14,6,20x20,,mix
20230927_R2_T1_5.3-5.5_B25,9/27/2023,9,2023,27,R2,T1,5.3-5.5,B25,10,10,20x20,,mix
20230927_R2_T2_0.8-1_B1,9/27/2023,9,2023,27,R2,T2,0.8-1.0,B1,3,17,20x20,,seagrass
20230927_R2_T2_1-1.2_B2,9/27/2023,9,2023,27,R2,T2,1.0-1.2,B2,0,20,20x20,,seagrass
20230927_R2_T2_1.2-1.4_B3,9/27/2023,9,2023,27,R2,T2,1.2-1.4,B3,5,15,20x20,,seagrass
20230927_R2_T2_1.4-1.6_B4,9/27/2023,9,2023,27,R2,T2,1.4-1.6,B4,4,16,20x20,,seagrass
20230927_R2_T2_1.6-1.8_B5,9/27/2023,9,2023,27,R2,T2,1.6-1.8,B5,3,17,20x20,,seagrass
20230927_R2_T2_1.8-2_B6,9/27/2023,9,2023,27,R2,T2,1.8-2.0,B6,6,14,20x20,,seagrass
20230927_R2_T2_2-2.2_B7,9/27/2023,9,2023,27,R2,T2,2.0-2.2,B7,4,16,20x20,,seagrass
20230927_R2_T2_2.2-2.4_B8,9/27/2023,9,2023,27,R2,T2,2.2-2.4,B8,3,17,20x20,,seagrass
20230927_R2_T2_2.4-2.6_B9,9/27/2023,9,2023,27,R2,T2,2.4-2.6,B9,3,17,20x20,,seagrass
20230927_R2_T2_2.6-2.8_B10,9/27/2023,9,2023,27,R2,T2,2.6-2.8,B10,5,15,20x20,,mix
20230927_R2_T2_2.8-3_B11,9/27/2023,9,2023,27,R2,T2,2.8-3.0,B11,2,18,20x20,,seagrass
20230927_R2_T2_3-3.2_B12,9/27/2023,9,2023,27,R2,T2,3.0-3.2,B12,2,18,20x20,,seagrass
20230927_R2_T2_3.2-3.4_B13,9/27/2023,9,2023,27,R2,T2,3.2-3.4,B13,0,20,20x20,,seagrass
20230927_R2_T2_3.4-3.6_B14,9/27/2023,9,2023,27,R2,T2,3.4-3.6,B14,4,16,20x20,,seagrass
20230927_R2_T2_3.6-3.8_B15,9/27/2023,9,2023,27,R2,T2,3.6-3.8,B15,4,16,20x20,,seagrass
20230927_R2_T2_3.8-4_B16,9/27/2023,9,2023,27,R2,T2,3.8-4.0,B16,10,10,20x20,,mix
20230927_R2_T2_4-4.2_B17,9/27/2023,9,2023,27,R2,T2,4.0-4.2,B17,9,11,20x20,,mix
20230927_R2_T2_4.2-4.4_B18,9/27/2023,9,2023,27,R2,T2,4.2-4.4,B18,3,17,20x20,,seagrass
20230927_R2_T2_4.4-4.6_B19,9/27/2023,9,2023,27,R2,T2,4.4-4.6,B19,6,14,20x20,,seagrass
20230927_R2_T2_4.6-4.8_B20,9/27/2023,9,2023,27,R2,T2,4.6-4.8,B20,7,13,20x20,,seagrass
20230927_R2_T2_4.8-5_B21,9/27/2023,9,2023,27,R2,T2,4.8-5.0,B21,6,14,20x20,,mix
20230927_R2_T2_5-5.2_B22,9/27/2023,9,2023,27,R2,T2,5.0-5.2,B22,9,11,20x20,,mix
20230927_R2_T2_5.2-5.4_B23,9/27/2023,9,2023,27,R2,T2,5.2-5.4,B23,8,12,20x20,,mix
20230927_R2_T2_5.4-5.6_B24,9/27/2023,9,2023,27,R2,T2,5.4-5.6,B24,6,14,20x20,,seagrass
20230927_R2_T2_5.6-5.8_B25,9/27/2023,9,2023,27,R2,T2,5.6-5.8,B25,4,16,20x20,,seagrass
20230927_R2_T3_0.8-1_B1,9/27/2023,9,2023,27,R2,T3,0.8-1.0,B1,3,17,20x20,,seagrass
20230927_R2_T3_1-1.2_B2,9/27/2023,9,2023,27,R2,T3,1.0-1.2,B2,3,17,20x20,,seagrass
20230927_R2_T3_1.2-1.4_B3,9/27/2023,9,2023,27,R2,T3,1.2-1.4,B3,2,18,20x20,,seagrass
20230927_R2_T3_1.4-1.6_B4,9/27/2023,9,2023,27,R2,T3,1.4-1.6,B4,5,15,20x20,,seagrass
20230927_R2_T3_1.6-1.8_B5,9/27/2023,9,2023,27,R2,T3,1.6-1.8,B5,,,20x20,"skipped, quadrat goes past screen",seagrass
20230927_R2_T3_1.8-2_B6,9/27/2023,9,2023,27,R2,T3,1.8-2.0,B6,9,11,20x20,,seagrass
20230927_R2_T3_2-2.2_B7,9/27/2023,9,2023,27,R2,T3,2.0-2.2,B7,7,13,20x20,,seagrass
20230927_R2_T3_2.2-2.4_B8,9/27/2023,9,2023,27,R2,T3,2.2-2.4,B8,6,14,20x20,,seagrass
20230927_R2_T3_2.4-2.6_B9,9/27/2023,9,2023,27,R2,T3,2.4-2.6,B9,5,15,20x20,,seagrass
20230927_R2_T3_2.6-2.8_B10,9/27/2023,9,2023,27,R2,T3,2.6-2.8,B10,5,15,20x20,,seagrass
20230927_R2_T3_2.8-3_B11,9/27/2023,9,2023,27,R2,T3,2.8-3.0,B11,8,12,20x20,,seagrass
20230927_R2_T3_3-3.2_B12,9/27/2023,9,2023,27,R2,T3,3.0-3.2,B12,5,15,20x20,,mix
20230927_R2_T3_3.2-3.4_B13,9/27/2023,9,2023,27,R2,T3,3.2-3.4,B13,5,14,20x20,1 point on hand,mix
20230927_R2_T3_3.4-3.6_B14,9/27/2023,9,2023,27,R2,T3,3.4-3.6,B14,6,13,20x20,1 point on transect,mix
20230927_R2_T3_3.6-3.8_B15,9/27/2023,9,2023,27,R2,T3,3.6-3.8,B15,7,13,20x20,,algae
20230927_R2_T3_3.8-4_B16,9/27/2023,9,2023,27,R2,T3,3.8-4.0,B16,8,12,20x20,,mix
20230927_R2_T3_4-4.2_B17,9/27/2023,9,2023,27,R2,T3,4.0-4.2,B17,4,16,20x20,,mix
20230927_R2_T3_4.2-4.4_B18,9/27/2023,9,2023,27,R2,T3,4.2-4.4,B18,6,14,20x20,,seagrass
20230927_R2_T3_4.4-4.6_B19,9/27/2023,9,2023,27,R2,T3,4.4-4.6,B19,7,13,20x20,,seagrass
20230927_R2_T3_4.6-4.8_B20,9/27/2023,9,2023,27,R2,T3,4.6-4.8,B20,8,12,20x20,,mix
20230927_R2_T3_4.8-5_B21,9/27/2023,9,2023,27,R2,T3,4.8-5.0,B21,14,6,20x20,,algae
20230927_R2_T3_5-5.2_B22,9/27/2023,9,2023,27,R2,T3,5.0-5.2,B22,9,11,20x20,,algae
20230927_R2_T3_5.2-5.4_B23,9/27/2023,9,2023,27,R2,T3,5.2-5.4,B23,17,3,20x20,,algae
20230927_R2_T3_5.4-5.6_B24,9/27/2023,9,2023,27,R2,T3,5.4-5.6,B24,16,4,20x20,,algae
20230927_R2_T3_5.6-5.8_B25,9/27/2023,9,2023,27,R2,T3,5.6-5.8,B25,10,10,20x20,,algae
20230927_R3_T1_0.8-1_B1,9/27/2023,9,2023,27,R3,T1,0.8-1.0,B1,1,19,20x20,,seagrass
20230927_R3_T1_1-1.2_B2,9/27/2023,9,2023,27,R3,T1,1.0-1.2,B2,2,18,20x20,,seagrass
20230927_R3_T1_1.2-1.4_B3,9/27/2023,9,2023,27,R3,T1,1.2-1.4,B3,0,20,20x20,,seagrass
20230927_R3_T1_1.4-1.6_B4,9/27/2023,9,2023,27,R3,T1,1.4-1.6,B4,7,13,20x20,,seagrass
20230927_R3_T1_1.6-1.8_B5,9/27/2023,9,2023,27,R3,T1,1.6-1.8,B5,6,14,20x20,,seagrass
20230927_R3_T1_1.8-2_B6,9/27/2023,9,2023,27,R3,T1,1.8-2.0,B6,3,17,20x20,,seagrass
20230927_R3_T1_2-2.2_B7,9/27/2023,9,2023,27,R3,T1,2.0-2.2,B7,6,14,20x20,,seagrass
20230927_R3_T1_2.2-2.4_B8,9/27/2023,9,2023,27,R3,T1,2.2-2.4,B8,7,13,20x20,,seagrass
20230927_R3_T1_2.4-2.6_B9,9/27/2023,9,2023,27,R3,T1,2.4-2.6,B9,12,8,20x20,,seagrass
20230927_R3_T1_2.6-2.8_B10,9/27/2023,9,2023,27,R3,T1,2.6-2.8,B10,6,14,20x20,,seagrass
20230927_R3_T1_2.8-3_B11,9/27/2023,9,2023,27,R3,T1,2.8-3.0,B11,9,11,20x20,,seagrass
20230927_R3_T1_3-3.2_B12,9/27/2023,9,2023,27,R3,T1,3.0-3.2,B12,1,17,20x20,2 points not counted for,seagrass
20230927_R3_T1_3.2-3.4_B13,9/27/2023,9,2023,27,R3,T1,3.2-3.4,B13,6,14,20x20,,seagrass
20230927_R3_T1_3.4-3.6_B14,9/27/2023,9,2023,27,R3,T1,3.4-3.6,B14,4,16,20x20,,seagrass
20230927_R3_T1_3.6-3.8_B15,9/27/2023,9,2023,27,R3,T1,3.6-3.8,B15,,,20x20,skipped. quadrat goes off screen,seagrass
20230927_R3_T1_3.8-4_B16,9/27/2023,9,2023,27,R3,T1,3.8-4.0,B16,6,14,20x20,,seagrass
20230927_R3_T1_4-4.2_B17,9/27/2023,9,2023,27,R3,T1,4.0-4.2,B17,4,16,20x20,,seagrass
20230927_R3_T1_4.2-4.4_B18,9/27/2023,9,2023,27,R3,T1,4.2-4.4,B18,7,13,20x20,,seagrass
20230927_R3_T1_4.4-4.6_B19,9/27/2023,9,2023,27,R3,T1,4.4-4.6,B19,4,16,20x20,,seagrass
20230927_R3_T1_4.6-4.8_B20,9/27/2023,9,2023,27,R3,T1,4.6-4.8,B20,3,17,20x20,,mix
20230927_R3_T1_4.8-5_B21,9/27/2023,9,2023,27,R3,T1,4.8-5.0,B21,1,19,20x20,,mix
20230927_R3_T1_5-5.2_B22,9/27/2023,9,2023,27,R3,T1,5.0-5.2,B22,6,14,20x20,,seagrass
20230927_R3_T1_5.2-5.4_B23,9/27/2023,9,2023,27,R3,T1,5.2-5.4,B23,7,13,20x20,,mix
20230927_R3_T1_5.4-5.6_B24,9/27/2023,9,2023,27,R3,T1,5.4-5.6,B24,3,16,20x20,1 point on finger,mix
20230927_R3_T1_5.6-5.8_B25,9/27/2023,9,2023,27,R3,T1,5.6-5.8,B25,9,11,20x20,,seagrass
20230927_R3_T2_0.7-0.9_B1,9/27/2023,9,2023,27,R3,T2,0.7-0.9,B1,6,14,20x20,,seagrass
20230927_R3_T2_0.9-1.1_B2,9/27/2023,9,2023,27,R3,T2,0.9-1.1,B2,5,15,20x20,,seagrass
20230927_R3_T2_1.1-1.3_B3,9/27/2023,9,2023,27,R3,T2,1.1-1.3,B3,8,12,20x20,,seagrass
20230927_R3_T2_1.3-1.5_B4,9/27/2023,9,2023,27,R3,T2,1.3-1.5,B4,9,11,20x20,,seagrass
20230927_R3_T2_1.5-1.7_B5,9/27/2023,9,2023,27,R3,T2,1.5-1.7,B5,7,13,20x20,,seagrass
20230927_R3_T2_1.7-1.9_B6,9/27/2023,9,2023,27,R3,T2,1.7-1.9,B6,9,11,20x20,,seagrass
20230927_R3_T2_1.9-2.1_B7,9/27/2023,9,2023,27,R3,T2,1.9-2.1,B7,8,12,20x20,,seagrass
20230927_R3_T2_2.1-2.3_B8,9/27/2023,9,2023,27,R3,T2,2.1-2.3,B8,13,7,20x20,,seagrass
20230927_R3_T2_2.3-2.5_B9,9/27/2023,9,2023,27,R3,T2,2.3-2.5,B9,6,14,20x20,,mix
20230927_R3_T2_2.5-2.7_B10,9/27/2023,9,2023,27,R3,T2,2.5-2.7,B10,6,13,20x20,1 point on transect,mix
20230927_R3_T2_2.7-2.9_B11,9/27/2023,9,2023,27,R3,T2,2.7-2.9,B11,7,13,20x20,,seagrass
20230927_R3_T2_2.9-3.1_B12,9/27/2023,9,2023,27,R3,T2,2.9-3.1,B12,10,10,20x20,,mix
20230927_R3_T2_3.1-3.3_B13,9/27/2023,9,2023,27,R3,T2,3.1-3.3,B13,11,9,20x20,,mix
20230927_R3_T2_3.3-3.5_B14,9/27/2023,9,2023,27,R3,T2,3.3-3.5,B14,5,15,20x20,,algae
20230927_R3_T2_3.5-3.7_B15,9/27/2023,9,2023,27,R3,T2,3.5-3.7,B15,6,14,20x20,,mix
20230927_R3_T2_3.7-3.9_B16,9/27/2023,9,2023,27,R3,T2,3.7-3.9,B16,7,13,20x20,,mix
20230927_R3_T2_3.9-4.1_B17,9/27/2023,9,2023,27,R3,T2,3.9-4.1,B17,10,10,20x20,,mx
20230927_R3_T2_4.1-4.3_B18,9/27/2023,9,2023,27,R3,T2,4.1-4.3,B18,8,12,20x20,,mix
20230927_R3_T2_4.3-4.5_B19,9/27/2023,9,2023,27,R3,T2,4.3-4.5,B19,9,11,20x20,,mix
20230927_R3_T2_4.5-4.7_B20,9/27/2023,9,2023,27,R3,T2,4.5-4.7,B20,9,11,20x20,,mix
20230927_R3_T2_4.7-4.9_B21,9/27/2023,9,2023,27,R3,T2,4.7-4.9,B21,4,16,20x20,,mix
20230927_R3_T2_4.9-5.1_B22,9/27/2023,9,2023,27,R3,T2,4.9-5.1,B22,8,12,20x20,,mix
20230927_R3_T2_5.1-5.3_B23,9/27/2023,9,2023,27,R3,T2,5.1-5.3,B23,10,10,20x20,,algae
20230927_R3_T2_5.3-5.5_B24,9/27/2023,9,2023,27,R3,T2,5.3-5.5,B24,19,1,20x20,,algae
20230927_R3_T2_5.5-5.7_B25,9/27/2023,9,2023,27,R3,T2,5.5-5.7,B25,17,3,20x20,,algae
20230927_R3_T3_0.6-0.8_B1,9/27/2023,9,2023,27,R3,T3,0.6-0.8,B1,1,17,20x20,2 points on cinderblock,seagrass
20230927_R3_T3_0.8-1_B2,9/27/2023,9,2023,27,R3,T3,0.8-1.0,B2,4,16,20x20,,seagrass
20230927_R3_T3_1-1.2_B3,9/27/2023,9,2023,27,R3,T3,1.0-1.2,B3,3,17,20x20,,seagrass
20230927_R3_T3_1.2-1.4_B4,9/27/2023,9,2023,27,R3,T3,1.2-1.4,B4,2,18,20x20,,seagrass
20230927_R3_T3_1.4-1.6_B5,9/27/2023,9,2023,27,R3,T3,1.4-1.6,B5,2,18,20x20,,seagrass
20230927_R3_T3_1.6-1.8_B6,9/27/2023,9,2023,27,R3,T3,1.6-1.8,B6,4,16,20x20,,seagrass
20230927_R3_T3_1.8-2_B7,9/27/2023,9,2023,27,R3,T3,1.8-2.0,B7,4,16,20x20,,seagrass
20230927_R3_T3_2-2.2_B8,9/27/2023,9,2023,27,R3,T3,2.0-2.2,B8,8,12,20x20,,seagrass
20230927_R3_T3_2.2-2.4_B9,9/27/2023,9,2023,27,R3,T3,2.2-2.4,B9,6,12,20x20,2 points on hand,seagrass
20230927_R3_T3_2.4-2.6_B10,9/27/2023,9,2023,27,R3,T3,2.4-2.6,B10,3,17,20x20,,seagrass
20230927_R3_T3_2.6-2.8_B11,9/27/2023,9,2023,27,R3,T3,2.6-2.8,B11,5,15,20x20,,seagrass
20230927_R3_T3_2.8-3_B12,9/27/2023,9,2023,27,R3,T3,2.8-3.0,B12,6,14,20x20,,seagrass
20230927_R3_T3_3-3.2_B13,9/27/2023,9,2023,27,R3,T3,3.0-3.2,B13,9,10,20x20,1 point on hand,seagrass
20230927_R3_T3_3.2-3.4_B14,9/27/2023,9,2023,27,R3,T3,3.2-3.4,B14,4,16,20x20,,seagrass
20230927_R3_T3_3.4-3.6_B15,9/27/2023,9,2023,27,R3,T3,3.4-3.6,B15,7,13,20x20,,algae
20230927_R3_T3_3.6-3.8_B16,9/27/2023,9,2023,27,R3,T3,3.6-3.8,B16,11,9,20x20,,algae
20230927_R3_T3_3.8-4_B17,9/27/2023,9,2023,27,R3,T3,3.8-4.0,B17,5,15,20x20,,seagrass
20230927_R3_T3_4-4.2_B18,9/27/2023,9,2023,27,R3,T3,4.0-4.2,B18,6,14,20x20,,seagrass
20230927_R3_T3_4.2-4.4_B19,9/27/2023,9,2023,27,R3,T3,4.2-4.4,B19,7,13,20x20,,seagrass
20230927_R3_T3_4.4-4.6_B20,9/27/2023,9,2023,27,R3,T3,4.4-4.6,B20,5,15,20x20,,seagrass
20230927_R3_T3_4.6-4.8_B21,9/27/2023,9,2023,27,R3,T3,4.6-4.8,B21,12,8,20x20,,mix
20230927_R3_T3_4.8-5_B22,9/27/2023,9,2023,27,R3,T3,4.8-5.0,B22,4,16,20x20,,seagrass
20230927_R3_T3_5-5.2_B23,9/27/2023,9,2023,27,R3,T3,5.0-5.2,B23,5,15,20x20,,seagrass
20230927_R3_T3_5.2-5.4_B24,9/27/2023,9,2023,27,R3,T3,5.2-5.4,B24,7,13,20x20,,seagrass
20230927_R3_T3_5.4-5.6_B25,9/27/2023,9,2023,27,R3,T3,5.4-5.6,B25,8,12,20x20,,seagrass