Date,Temp1,Intensity1,Temp2,Intensity2,Temp3,Intensity3
9/20/22,87.733,1216,87.368,400,87.915,768
9/20/22,83.221,0,83.043,0,83.043,0
9/21/22,79.502,0,79.326,0,79.502,0
9/21/22,80.206,704,79.151,512,79.151,496
9/21/22,86.459,416,86.641,512,87.186,336
9/21/22,85.194,0,85.014,0,85.194,0
9/22/22,81.09,0,80.735,0,81.09,0
9/22/22,82.686,320,81.09,896,81.09,800
9/22/22,85.014,224,85.014,168,85.014,216
9/22/22,81.621,0,81.266,0,81.442,0
9/23/22,79.678,0,79.326,0,79.502,0
9/23/22,81.975,352,80.735,1792,80.911,288
9/23/22,85.194,1024,84.654,768,84.295,576
9/23/22,81.266,0,81.09,0,81.266,0
9/24/22,79.678,0,79.502,0,79.502,0
9/24/22,80.206,1472,80.029,800,80.382,288
9/24/22,87.368,704,87.186,896,87.186,768
9/24/22,81.266,0,81.09,0,81.266,0
9/25/22,79.326,0,79.151,0,79.326,0
9/25/22,80.911,384,80.559,512,80.382,256
9/25/22,89.017,512,88.466,1344,88.099,512
9/25/22,83.399,0,83.043,0,83.221,0
9/26/22,79.853,0,79.326,0,78.624,0
9/26/22,80.911,576,79.853,432,79.853,416
9/26/22,88.282,704,88.833,768,88.833,768
9/26/22,84.654,0,84.295,0,84.474,0
9/27/22,78.098,0,78.098,0,78.449,0
9/27/22,80.559,1408,79.853,368,79.678,144
9/27/22,88.282,2304,88.833,704,88.833,672
9/27/22,83.043,0,82.686,0,82.864,0
9/28/22,78.449,0,78.098,0,78.449,0
9/28/22,79.678,17408,79.326,256,79.326,232
9/28/22,87.368,608,87.552,576,87.552,608
9/28/22,85.194,0,84.834,0,85.014,0
9/29/22,79.151,0,78.8,0,78.975,0
9/29/22,79.151,114,78.8,136,79.151,123
9/29/22,87.004,1088,87.186,1152,86.097,704
9/29/22,83.043,0,82.686,0,82.864,0
9/30/22,79.151,0,78.975,0,79.326,0
9/30/22,81.621,896,80.735,216,80.911,200
9/30/22,89.384,992,89.938,864,89.569,864
9/30/22,85.014,0,84.654,0,84.834,0
10/1/22,79.853,0,79.678,0,80.029,0
10/1/22,80.029,75,79.326,110,79.502,125
10/1/22,87.368,480,87.186,496,87.552,672
10/1/22,83.579,0,83.757,0,83.757,0
10/2/22,81.975,0,81.797,0,81.975,0
10/2/22,80.911,60,80.735,120,80.911,96
10/2/22,82.864,576,82.508,608,82.686,352
10/2/22,80.735,0,80.559,0,80.735,0
10/3/22,78.975,0,78.624,0,78.975,0
10/3/22,80.911,224,80.029,400,80.559,232
10/3/22,86.097,87,87.552,1536,87.368,1152
10/3/22,81.797,0,81.442,0,81.621,0
10/4/22,80.559,0,80.559,0,80.735,0
10/4/22,81.266,144,80.911,304,80.911,256
10/4/22,83.935,512,84.115,672,84.295,2048
10/4/22,80.559,0,80.382,0,80.559,0
10/5/22,79.853,0,79.678,0,79.853,0
10/5/22,79.853,256,79.502,216,79.502,152
10/5/22,86.459,1152,87.186,800,86.277,800
10/5/22,83.579,0,83.579,0,83.579,0
10/6/22,81.09,0,80.911,0,81.09,0
10/6/22,80.911,184,80.206,416,80.382,352
10/6/22,85.915,1664,86.823,672,87.004,672
10/6/22,83.221,0,83.043,0,83.043,0
10/7/22,81.442,0,81.266,0,81.442,0
10/7/22,81.975,2816,80.735,704,81.442,416
10/7/22,87.368,1408,87.186,1728,86.823,1088
10/7/22,83.579,0,83.579,0,83.579,0
10/8/22,81.442,0,81.09,0,81.266,0
10/8/22,82.33,272,81.09,672,81.266,256
10/8/22,88.833,768,89.569,992,89.755,1024
10/8/22,84.654,0,84.654,0,84.834,0
10/9/22,82.33,0,82.152,0,82.152,0
10/9/22,82.686,152,81.797,704,81.975,232
10/9/22,88.65,6656,89.384,960,88.833,960
10/9/22,84.295,0,83.935,0,84.115,0
10/10/22,81.442,0,81.442,0,81.442,0
10/10/22,82.686,192,81.975,512,82.33,176
10/10/22,85.374,240,85.014,240,85.014,119
10/10/22,82.686,0,82.33,0,82.508,0
10/11/22,81.09,0,80.911,0,81.09,0
10/11/22,82.33,272,82.152,120,82.33,144
10/11/22,84.654,208,84.115,114,84.115,184
10/11/22,82.864,0,82.864,0,83.043,0
10/12/22,81.442,0,80.559,0,80.559,0
10/12/22,81.975,144,81.797,63,81.975,184
10/12/22,85.374,320,85.014,232,85.194,240
10/12/22,83.935,0,83.935,0,84.115,0
10/13/22,80.911,0,80.735,0,81.09,0
10/13/22,82.508,113,82.152,400,82.508,168
10/13/22,85.194,248,85.014,320,85.014,512
10/13/22,82.864,0,82.508,0,82.686,0
10/14/22,80.206,0,80.382,0,80.735,0
10/14/22,82.152,136,81.621,208,81.797,115
10/14/22,85.915,216,85.374,448,85.374,480
10/14/22,80.911,0,80.735,0,80.911,0
10/15/22,80.029,0,79.853,0,79.853,0
10/15/22,80.735,128,80.559,73,80.559,122
10/15/22,85.374,1024,84.834,768,84.834,400
10/15/22,80.911,0,80.735,0,80.735,0
10/16/22,78.624,0,78.274,0,78.624,0
10/16/22,78.8,95,78.449,184,78.975,89
10/16/22,84.654,704,83.579,1600,85.374,992
10/16/22,81.266,0,80.911,0,81.09,0
10/17/22,78.274,0,78.098,0,78.274,0
10/17/22,78.8,128,78.449,76,78.624,82
10/17/22,86.823,1344,86.823,1152,87.004,576
10/17/22,82.686,0,82.508,0,82.864,0
10/18/22,80.206,0,80.206,0,80.559,0
10/18/22,80.559,304,79.678,224,79.853,144
10/18/22,86.097,1216,89.755,704,87.552,512
10/18/22,82.686,0,82.508,0,82.686,0
10/19/22,80.911,0,80.559,0,80.559,0
10/19/22,80.206,93,80.029,152,79.853,136
10/19/22,84.115,272,84.115,336,84.295,448
10/19/22,80.559,0,80.382,0,80.559,0
10/20/22,78.624,0,78.274,0,78.449,0
10/20/22,79.326,168,78.975,256,79.502,168
10/20/22,86.097,384,86.459,512,87.004,1792
10/20/22,81.442,0,81.09,0,81.266,0
10/21/22,80.735,0,80.559,0,80.735,0
10/21/22,81.266,152,80.382,240,80.735,184
10/21/22,87.552,7680,88.282,800,88.466,864
10/21/22,82.864,0,82.864,0,82.686,0
10/22/22,80.029,0,79.853,0,80.029,0
10/22/22,80.382,160,79.853,400,79.853,576
10/22/22,86.097,1344,87.186,864,87.186,608
10/22/22,81.266,0,81.09,0,81.09,0
10/23/22,78.449,0,78.274,0,78.449,0
10/23/22,78.624,102,78.449,78,78.449,104
10/23/22,83.935,1024,84.295,368,83.935,512
10/23/22,80.029,0,79.678,0,80.029,0
10/24/22,77.923,0,77.923,0,77.923,0
10/24/22,78.975,136,78.449,92,78.624,110
10/24/22,87.733,2176,87.186,448,87.552,800
10/24/22,80.206,0,77.05,0,79.678,0
10/25/22,78.274,0,78.098,0,78.449,0
10/25/22,78.975,117,78.624,94,78.8,128
10/25/22,85.554,896,87.186,896,85.374,1344
10/25/22,80.206,0,77.4,0,79.326,0
10/26/22,78.449,0,78.274,0,78.8,0
10/26/22,79.326,48,78.975,42,79.151,36
10/26/22,87.368,704,86.277,4096,85.554,448
10/26/22,80.029,0,77.05,0,79.853,0
10/27/22,79.151,0,78.975,0,79.151,0
10/27/22,79.502,464,78.975,248,79.326,128
10/27/22,85.554,2688,85.735,4608,85.554,2048
10/27/22,80.029,0,76.528,0,80.029,0
10/28/22,77.923,0,77.923,0,78.098,0
10/28/22,78.8,272,78.624,39,78.8,87
10/28/22,85.014,864,85.194,368,85.374,704
10/28/22,80.735,0,80.559,0,80.559,0
10/29/22,77.574,0,77.225,0,77.574,0
10/29/22,78.975,117,78.274,168,78.449,152
10/29/22,85.915,704,86.823,1216,85.915,608
10/29/22,80.911,0,80.559,0,80.735,0
10/30/22,77.749,0,77.4,0,77.749,0
10/30/22,78.274,152,77.923,120,78.449,160
10/30/22,85.554,1152,86.097,512,85.915,800
10/30/22,80.206,0,80.029,0,80.206,0
10/31/22,78.098,0,78.098,0,78.274,0
10/31/22,78.8,184,78.274,576,78.449,100
10/31/22,84.834,448,84.295,512,84.834,272
10/31/22,80.735,0,80.382,0,80.559,0
11/1/22,77.923,0,77.749,0,77.923,0
11/1/22,78.449,256,78.098,115,78.274,97
11/1/22,84.834,768,84.834,1280,84.834,3200
11/1/22,80.911,0,80.559,0,80.735,0
11/2/22,78.449,0,78.274,0,78.449,0
11/2/22,79.151,336,79.326,111,79.326,272
11/2/22,84.115,168,84.654,368,84.834,896
11/2/22,79.678,0,79.326,0,79.502,0
11/3/22,78.098,0,77.923,0,78.098,0
11/3/22,78.8,128,78.449,89,78.624,232
11/3/22,82.33,576,81.975,216,81.975,512
11/3/22,78.975,0,78.8,0,78.8,0
11/4/22,78.449,0,78.274,0,78.624,0
11/4/22,79.502,672,79.502,98,79.326,320
11/4/22,83.043,768,82.33,368,82.33,992
11/4/22,78.624,0,78.274,0,78.449,0
11/5/22,78.624,0,78.449,0,78.624,0
11/5/22,78.274,192,78.098,71,78.274,128
11/5/22,83.935,464,83.221,480,82.864,1024
11/5/22,79.326,0,79.151,0,79.326,0
11/6/22,77.749,0,77.574,0,77.749,0
11/6/22,77.923,400,77.574,52,77.749,152
11/6/22,83.579,512,83.399,464,82.864,1344
11/6/22,76.006,0,75.484,0,75.659,0
11/7/22,77.4,0,77.225,0,77.4,0
11/7/22,77.749,224,77.225,208,77.574,208
11/7/22,83.221,608,83.043,400,82.686,1344
11/7/22,76.354,0,75.312,0,75.139,0
11/8/22,77.225,0,77.05,0,77.4,0
11/8/22,78.098,104,77.749,90,77.923,115
11/8/22,83.579,864,83.043,336,83.221,1152
11/8/22,75.139,0,74.964,0,74.619,0
11/9/22,76.703,0,76.703,0,77.225,0
11/9/22,78.098,576,77.749,99,77.923,44
11/9/22,84.115,672,83.757,512,83.221,416
11/9/22,73.407,0,73.407,0,72.545,0
11/10/22,76.354,0,76.006,0,76.528,0
11/10/22,76.876,63,76.703,46,76.876,47
11/10/22,82.686,704,81.621,368,81.975,800
11/10/22,73.926,0,74.446,0,75.832,0
11/11/22,76.354,0,76.528,0,76.703,0
11/11/22,77.225,288,76.876,160,76.876,78
11/11/22,82.152,960,80.735,416,81.442,464
11/11/22,76.006,0,74.791,0,76.006,0
11/12/22,76.181,0,76.181,0,76.354,0
11/12/22,77.4,1216,77.225,100,77.225,55
11/12/22,81.975,896,80.735,496,81.09,512
11/12/22,76.354,0,76.354,0,76.528,0
11/13/22,76.528,0,76.181,0,76.528,0
11/13/22,77.923,81,77.749,69,77.749,23
11/13/22,83.221,1088,82.33,480,82.508,496
11/13/22,76.876,0,76.703,0,76.876,0
11/14/22,76.181,0,76.181,0,76.181,0
11/14/22,77.4,78,77.05,73,77.225,48
11/14/22,83.757,704,83.043,144,83.579,256
11/14/22,77.923,0,77.749,0,77.923,0
11/15/22,76.354,0,76.181,0,76.354,0
11/15/22,76.528,49,76.354,28,76.528,18
11/15/22,82.152,608,83.043,496,82.508,352
11/15/22,78.449,0,78.274,0,78.449,0
11/16/22,75.312,0,75.139,0,75.312,0
11/16/22,75.832,704,75.484,66,75.832,36
11/16/22,81.797,1152,81.797,200,81.442,67
11/16/22,78.449,0,78.274,0,78.274,0
11/17/22,76.528,0,76.181,0,76.528,0
11/17/22,77.749,144,77.574,60,77.749,67
11/17/22,83.579,768,83.935,304,82.864,352
11/17/22,79.151,0,78.975,0,78.975,0
11/18/22,78.098,0,77.923,0,78.098,0
11/18/22,78.449,432,78.098,160,78.274,123
11/18/22,83.935,768,85.194,320,83.757,208
11/18/22,80.029,0,79.853,0,80.029,0
11/19/22,77.574,0,77.4,0,77.4,0
11/19/22,77.4,208,77.05,96,77.4,63
11/19/22,82.686,992,83.579,576,82.864,256
11/19/22,78.449,0,78.098,0,78.274,0
11/20/22,76.876,0,76.703,0,76.876,0
11/20/22,76.703,83,76.354,85,76.703,35
11/20/22,82.508,576,83.399,416,82.864,368
11/20/22,73.753,0,74.791,0,73.407,0
11/21/22,76.528,0,76.181,0,76.528,0
11/21/22,76.703,320,76.354,480,76.703,101
11/21/22,82.33,1472,81.797,512,82.508,480
11/21/22,72.199,0,74.791,0,72.199,0
11/22/22,76.006,0,75.832,0,76.181,0
11/22/22,76.703,240,76.354,52,76.528,41
11/22/22,80.559,336,80.206,576,80.382,168
11/22/22,74.098,0,73.062,0,71.856,0
11/23/22,75.312,0,75.139,0,75.484,0
11/23/22,75.312,232,74.964,184,75.139,32
11/23/22,81.09,384,80.911,800,81.09,216
11/23/22,74.271,0,74.619,0,72.891,0
11/24/22,75.139,0,74.619,0,74.619,0
11/24/22,76.006,90,75.659,70,75.832,20
11/24/22,78.624,704,77.749,672,77.749,432
11/24/22,68.421,0,70.308,0,68.592,0
11/25/22,75.312,0,75.139,0,75.312,0
11/25/22,74.791,464,74.619,512,74.619,74
11/25/22,78.975,672,78.449,512,78.449,1344
11/25/22,72.028,0,69.449,0,73.234,0
11/26/22,74.619,0,74.446,0,74.619,0
11/26/22,75.659,27,75.484,50,75.484,41
11/26/22,77.749,608,77.05,960,76.876,672
11/26/22,75.312,0,75.139,0,75.312,0
11/27/22,76.354,0,76.181,0,76.181,0
11/27/22,76.876,200,76.528,224,76.703,102
11/27/22,79.678,1088,79.678,704,79.326,384
11/27/22,77.225,0,76.876,0,77.05,0
11/28/22,76.876,0,76.703,0,76.876,0
11/28/22,77.574,15,77.4,16,77.4,22
11/28/22,78.975,496,78.8,432,78.624,768
11/28/22,77.574,0,77.4,0,77.574,0
11/29/22,76.354,0,76.006,0,76.181,0
11/29/22,75.659,48,75.659,37,75.832,30
11/29/22,81.266,512,81.621,496,81.09,352
11/29/22,79.853,0,79.502,0,79.678,0
11/30/22,76.876,0,77.4,0,77.923,0
11/30/22,77.05,38,76.876,128,76.876,71
11/30/22,82.864,480,82.152,368,82.33,464
11/30/22,80.206,0,79.853,0,80.029,0
12/1/22,77.749,0,77.749,0,77.923,0
12/1/22,77.05,63,76.876,35,76.876,31
12/1/22,81.797,608,81.09,352,81.09,672
12/1/22,78.098,0,77.923,0,78.098,0
12/2/22,76.528,0,76.181,0,76.354,0
12/2/22,76.354,62,76.181,22,76.181,42
12/2/22,78.8,208,78.449,176,78.098,304
12/2/22,77.05,0,76.876,0,77.225,0
12/3/22,76.006,0,75.832,0,75.832,0
12/3/22,76.181,28,76.181,35,76.354,53
12/3/22,81.621,1024,80.911,512,81.09,496
12/3/22,77.05,0,76.703,0,76.876,0
12/4/22,77.4,0,77.225,0,77.4,0
12/4/22,77.4,125,77.225,20,77.4,52
12/4/22,80.206,136,80.029,184,79.853,336
12/4/22,76.006,0,75.659,0,76.006,0
12/5/22,75.484,0,75.484,0,75.659,0
12/5/22,75.659,30,75.139,4,75.484,26
12/5/22,80.382,136,79.853,20,80.029,128
12/5/22,76.703,0,76.528,0,74.619,0
12/6/22,76.703,0,76.181,0,76.354,0
12/6/22,76.528,76,76.354,53,76.528,43
12/6/22,79.853,512,79.678,400,79.853,576
12/6/22,76.876,0,77.05,0,76.006,0
12/7/22,76.703,0,76.528,0,76.703,0
12/7/22,76.703,168,76.528,49,76.703,20
12/7/22,79.853,864,79.678,49,79.678,184
12/7/22,74.964,0,74.098,0,73.926,0
12/8/22,76.703,0,76.528,0,76.703,0
12/8/22,76.528,192,76.181,48,76.354,144
12/8/22,78.624,576,78.274,416,78.8,896
12/8/22,72.891,0,73.58,0,72.718,0
12/9/22,74.964,0,74.791,0,74.964,0
12/9/22,76.006,248,76.006,65,76.006,110
12/9/22,78.449,704,78.274,38,78.274,464
12/9/22,71.856,0,73.753,0,70.995,0
12/10/22,74.964,0,74.791,0,74.964,0
12/10/22,75.659,105,75.484,8,75.659,41
12/10/22,80.382,1664,80.735,111,80.559,336
12/10/22,75.312,0,73.753,0,74.791,0
12/11/22,74.446,0,73.926,0,74.446,0
12/11/22,75.312,71,74.964,5,75.312,32
12/11/22,80.382,512,80.911,78,80.735,576
12/11/22,75.832,0,75.484,0,75.659,0
12/12/22,75.312,0,75.139,0,75.312,0
12/12/22,75.484,127,75.139,1,75.312,21
12/12/22,78.975,768,77.4,52,79.502,416
12/12/22,75.484,0,75.312,0,75.312,0
12/13/22,74.271,0,73.753,0,74.271,0
12/13/22,75.312,54,74.964,1,75.139,16
12/13/22,80.029,768,80.382,73,80.559,512
12/13/22,76.354,0,76.181,0,76.354,0
12/14/22,75.139,0,74.791,0,75.139,0
12/14/22,74.964,152,74.619,3,75.139,37
12/14/22,78.8,480,78.098,14,78.975,144
12/14/22,76.528,0,76.354,0,76.528,0
12/15/22,75.659,0,75.484,0,75.659,0
12/15/22,76.006,104,75.659,3,76.006,50
12/15/22,81.797,480,80.029,55,82.152,448
12/15/22,78.975,0,78.8,0,78.975,0
12/16/22,76.703,0,76.528,0,76.703,0
12/16/22,75.312,40,74.791,2,75.139,7
12/16/22,80.911,864,79.853,85,81.266,400
12/16/22,77.225,0,77.225,0,77.225,0
12/17/22,76.181,0,76.006,0,76.181,0
12/17/22,75.484,88,75.139,8,75.484,41
12/17/22,80.911,512,79.502,18,81.621,672
12/17/22,78.274,0,78.098,0,78.274,0
12/18/22,76.703,0,76.528,0,76.703,0
12/18/22,76.006,6,75.832,0,76.006,3
12/18/22,76.006,216,75.312,31,75.659,160
12/18/22,75.312,0,74.964,0,75.139,0
12/19/22,75.832,0,75.659,0,75.659,0
12/19/22,75.312,160,74.964,11,75.139,152
12/19/22,75.312,91,74.964,32,75.139,136
12/19/22,73.58,0,73.407,0,73.407,0
12/20/22,74.791,0,74.446,0,74.619,0
12/20/22,74.098,25,73.926,4,73.926,25
12/20/22,80.206,672,77.749,54,79.326,3840
12/20/22,74.446,0,74.098,0,74.271,0
12/21/22,73.407,0,73.062,0,73.062,0
12/21/22,74.098,31,73.753,16,73.926,39
12/21/22,78.449,672,76.354,21,78.274,480
12/21/22,74.098,0,73.753,0,72.891,0
12/22/22,74.446,0,74.098,0,74.271,0
12/22/22,74.791,45,74.446,0,74.619,40
12/22/22,81.975,512,80.029,16,82.33,448
12/22/22,71.168,0,73.58,0,71.168,0
12/23/22,75.484,0,75.312,0,75.312,0
12/23/22,74.791,28,74.619,0,74.791,10
12/23/22,81.442,3200,79.502,45,81.975,480
12/23/22,71.339,0,73.234,0,71.339,0
12/24/22,75.484,0,75.312,0,75.312,0
12/24/22,75.832,41,75.484,0,75.659,13
12/24/22,79.326,768,77.574,5,78.975,864
12/24/22,76.006,0,74.964,0,76.354,0
12/25/22,75.139,0,74.791,0,74.791,0
12/25/22,75.312,20,75.139,0,75.312,56
12/25/22,82.864,1536,80.382,15,82.508,1152
12/25/22,78.975,0,78.8,0,78.975,0
12/26/22,76.006,0,76.181,0,76.703,0
12/26/22,76.354,84,76.006,0,76.181,54
12/26/22,83.399,1536,80.911,18,83.221,672
12/26/22,80.206,0,80.206,0,80.206,0
12/27/22,76.006,0,75.832,0,76.006,0
12/27/22,76.528,136,76.006,0,76.354,69
12/27/22,83.757,288,79.502,15,81.266,248
12/27/22,77.4,0,77.05,0,77.225,0
12/28/22,73.407,0,73.234,0,73.58,0
12/28/22,75.832,61,75.484,0,75.484,26
12/28/22,81.09,576,79.151,29,80.559,480
12/28/22,77.574,0,77.4,0,77.749,0
12/29/22,75.832,0,75.659,0,75.832,0
12/29/22,74.791,38,74.271,0,74.271,34
12/29/22,80.206,304,79.151,6,80.029,272
12/29/22,78.274,0,78.274,0,78.274,0
12/30/22,75.312,0,75.139,0,75.312,0
12/30/22,75.659,86,75.312,0,75.484,60
12/30/22,85.735,704,79.502,64,81.442,704
12/30/22,77.923,0,77.574,0,77.574,0
12/31/22,75.484,0,75.139,0,75.139,0
12/31/22,75.484,25,74.964,1,75.139,33
12/31/22,84.654,1088,80.911,22,84.474,864
12/31/22,80.206,0,80.029,0,79.853,0
1/1/23,76.876,0,76.528,0,76.703,0
1/1/23,76.354,28,76.181,2,76.354,34
1/1/23,81.797,512,80.029,48,81.442,800
1/1/23,79.326,0,79.151,0,79.151,0
1/2/23,76.528,0,76.354,0,77.05,0
1/2/23,75.659,95,75.484,2,75.832,40
1/2/23,86.459,864,80.382,58,83.399,768
1/2/23,80.206,0,79.853,0,79.678,0
1/3/23,77.4,0,77.225,0,77.225,0
1/3/23,76.181,50,76.006,1,76.181,31
1/3/23,82.152,992,79.502,52,81.797,608
1/3/23,73.926,0,75.832,0,73.926,0
1/4/23,76.703,0,76.354,0,76.703,0
1/4/23,75.832,12,75.659,1,75.832,32
1/4/23,78.8,272,77.05,48,77.923,448
1/4/23,70.824,0,71.168,0,70.824,0
1/5/23,76.006,0,75.659,0,75.832,0
1/5/23,75.312,62,75.312,0,75.312,41
1/5/23,78.098,576,76.876,29,78.098,304
1/5/23,74.271,0,74.271,0,74.271,0
1/6/23,75.139,0,75.484,0,75.659,0
1/6/23,74.098,32,73.407,4,74.098,26
1/6/23,81.09,1344,78.624,144,81.442,608
1/6/23,74.271,0,74.619,0,74.619,0
1/7/23,75.832,0,75.484,0,75.659,0
1/7/23,76.006,83,75.832,2,76.006,69
1/7/23,84.654,768,79.678,38,81.621,432
1/7/23,74.098,0,73.58,0,73.58,0
1/8/23,76.876,0,76.354,0,76.528,0
1/8/23,76.703,23,76.354,1,76.528,36
1/8/23,84.474,800,81.621,35,84.115,496
1/8/23,72.372,0,72.718,0,73.407,0
1/9/23,75.312,0,73.407,0,72.199,0
1/9/23,76.528,59,76.181,2,76.354,16
1/9/23,83.757,3712,81.09,52,83.579,512
1/9/23,81.442,0,81.442,0,81.621,0
1/10/23,76.703,0,76.181,0,76.181,0
1/10/23,76.876,25,76.528,0,76.703,30
1/10/23,83.757,608,80.206,34,83.043,512
1/10/23,78.975,0,78.624,0,78.8,0
1/11/23,76.181,0,75.312,0,75.484,0
1/11/23,76.876,26,76.528,0,76.703,30
1/11/23,79.853,512,77.749,30,79.151,288
1/11/23,76.528,0,76.181,0,76.354,0
1/12/23,75.312,0,74.964,0,75.139,0
1/12/23,75.832,13,75.659,3,75.832,15
1/12/23,80.735,2432,78.624,84,80.911,448
1/12/23,76.528,0,76.354,0,76.528,0
1/13/23,76.181,0,76.006,0,76.181,0
1/13/23,76.006,71,75.832,1,76.006,40
1/13/23,81.975,608,79.853,41,81.797,576
1/13/23,77.225,0,76.876,0,77.05,0
1/14/23,75.832,0,75.659,0,75.832,0
1/14/23,75.832,59,75.312,1,75.312,22
1/14/23,84.474,4608,81.442,34,84.115,576
1/14/23,80.911,0,80.911,0,80.382,0
1/15/23,76.703,0,76.876,0,77.05,0
1/15/23,75.139,21,74.791,0,74.791,15
1/15/23,81.442,1024,79.326,89,82.508,800
1/15/23,77.923,0,77.574,0,77.749,0
1/16/23,76.354,0,76.354,0,76.354,0
1/16/23,76.006,50,75.832,0,76.006,20
1/16/23,80.735,368,79.151,30,80.206,320
1/16/23,78.8,0,78.8,0,78.624,0
1/17/23,77.225,0,76.876,0,77.05,0
1/17/23,76.181,64,75.832,0,76.006,18
1/17/23,83.579,4352,81.442,39,83.757,496
1/17/23,80.559,0,80.206,0,80.206,0
1/18/23,77.574,0,77.225,0,77.4,0
1/18/23,76.876,29,76.528,0,76.703,20
1/18/23,84.115,1216,81.442,42,85.014,608
1/18/23,74.446,0,77.923,0,74.446,0
1/19/23,77.749,0,77.574,0,77.574,0
1/19/23,77.05,60,76.703,1,76.876,16
1/19/23,84.654,800,81.442,68,85.374,800
1/19/23,73.753,0,74.964,0,73.407,0
1/20/23,77.749,0,77.4,0,77.574,0
1/20/23,77.4,75,77.225,2,77.4,21
1/20/23,82.152,2304,79.502,31,83.399,448
1/20/23,74.098,0,73.407,0,73.407,0
1/21/23,77.4,0,77.225,0,77.4,0
1/21/23,77.4,49,77.05,1,77.225,50
1/21/23,83.221,3456,79.853,41,83.221,576
1/21/23,73.58,0,73.062,0,72.891,0
1/22/23,76.354,0,76.181,0,76.528,0
1/22/23,77.574,22,77.225,1,77.4,24
1/22/23,80.382,480,79.502,26,80.206,88
1/22/23,76.876,0,76.354,0,76.703,0
1/23/23,74.271,0,74.098,0,74.271,0
1/23/23,77.4,67,77.225,7,77.4,24
1/23/23,84.474,9728,81.09,144,84.295,800
1/23/23,79.502,0,79.326,0,79.502,0
1/24/23,77.574,0,77.4,0,77.4,0
1/24/23,78.098,34,77.749,3,77.923,18
1/24/23,85.735,1152,82.508,36,85.194,576
1/24/23,81.266,0,81.09,0,80.911,0
1/25/23,77.225,0,77.749,0,77.749,0
1/25/23,78.098,74,77.749,1,77.923,12
1/25/23,80.911,672,78.8,126,80.206,672
1/25/23,77.749,0,77.574,0,77.749,0
1/26/23,75.139,0,75.139,0,75.312,0
1/26/23,75.312,45,75.312,1,75.484,29
1/26/23,80.911,704,77.923,53,80.029,960
1/26/23,76.006,0,76.006,0,76.006,0
1/27/23,74.271,0,74.271,0,74.271,0
1/27/23,74.619,14,74.271,0,74.446,24
1/27/23,77.923,368,76.006,33,77.4,512
1/27/23,75.139,0,74.964,0,75.139,0
1/28/23,74.619,0,74.446,0,74.619,0
1/28/23,74.446,3,74.098,0,74.271,17
1/28/23,75.832,208,76.354,72,75.832,184
1/28/23,73.926,0,73.753,0,73.753,0
1/29/23,73.926,0,73.58,0,73.753,0
1/29/23,73.407,9,73.407,3,73.407,14
1/29/23,74.619,208,74.964,58,74.791,400
1/29/23,73.062,0,73.062,0,73.234,0
1/30/23,73.407,0,73.234,0,73.234,0
1/30/23,73.062,6,72.891,4,73.062,3
1/30/23,76.181,224,76.876,248,76.006,208
1/30/23,74.098,0,74.098,0,74.098,0
1/31/23,74.098,0,73.926,0,74.098,0
1/31/23,74.619,11,74.446,11,74.619,13
1/31/23,80.029,480,82.152,576,80.206,512
1/31/23,77.225,0,76.876,0,77.05,0
2/1/23,75.659,0,75.484,0,75.659,0
2/1/23,75.139,40,74.964,23,74.964,41
2/1/23,80.735,512,81.797,464,80.735,576
2/1/23,78.8,0,78.449,0,78.449,0
2/2/23,76.528,0,76.354,0,76.528,0
2/2/23,75.139,49,74.964,25,75.139,46
2/2/23,77.4,1,77.749,9,77.4,7
2/2/23,79.151,0,78.975,0,79.151,0
2/3/23,76.354,0,76.181,0,76.354,0
2/3/23,75.832,0,75.659,0,75.659,0
2/3/23,77.4,5,77.225,16,77.4,21
2/3/23,76.354,0,74.271,0,76.354,0
2/4/23,75.139,0,74.964,0,75.312,0
2/4/23,74.964,0,74.791,0,74.964,0
2/4/23,76.181,9,76.006,14,76.181,11
2/4/23,73.753,0,73.407,0,73.926,0
2/5/23,75.484,0,75.139,0,75.484,0
2/5/23,75.832,192,75.312,2,75.484,5
2/5/23,80.029,1344,78.975,4,78.975,18
2/5/23,75.139,0,73.062,0,75.139,0
2/6/23,74.098,0,73.926,0,74.446,0
2/6/23,74.791,176,74.446,0,74.619,3
2/6/23,81.266,2432,79.326,17,79.326,33
2/6/23,76.876,0,76.528,0,76.703,0
2/7/23,74.964,0,74.446,0,74.964,0
2/7/23,75.139,51,74.791,0,74.964,2
2/7/23,80.735,608,79.853,8,79.678,20
2/7/23,75.484,0,75.312,0,75.484,0
2/8/23,74.271,0,73.753,0,74.271,0
2/8/23,74.271,20,73.926,0,74.271,1
2/8/23,78.449,128,77.225,4,77.225,10
2/8/23,74.098,0,73.753,0,73.926,0
2/9/23,73.58,0,73.234,0,73.58,0
2/9/23,74.791,248,74.446,0,74.619,2
2/9/23,78.449,1920,76.528,19,76.703,31
2/9/23,74.791,0,74.619,0,74.619,0
2/10/23,74.271,0,73.926,0,74.271,0
2/10/23,74.619,68,74.271,0,74.446,1
2/10/23,78.274,1792,76.181,18,76.354,33
2/10/23,74.271,0,74.098,0,74.271,0
2/11/23,73.58,0,73.407,0,73.407,0
2/11/23,73.407,96,73.062,1,73.062,4
2/11/23,77.923,1344,76.354,9,76.354,41
2/11/23,74.098,0,73.926,0,74.098,0
2/12/23,73.926,0,73.753,0,73.926,0
2/12/23,74.098,152,73.753,1,73.926,2
2/12/23,78.8,4096,76.703,20,76.528,39
2/12/23,74.791,0,74.619,0,74.791,0
2/13/23,74.619,0,74.446,0,74.619,0
2/13/23,74.098,128,73.926,0,73.926,1
2/13/23,79.151,1728,77.749,6,77.923,17
2/13/23,74.791,0,74.619,0,74.791,0
2/14/23,74.446,0,74.271,0,74.271,0
2/14/23,74.619,216,74.446,0,74.446,3
2/14/23,79.853,2048,78.098,35,78.098,29
2/14/23,74.791,0,74.619,0,74.791,0
2/15/23,74.271,0,74.098,0,74.271,0
2/15/23,74.271,94,73.926,2,73.926,4
2/15/23,80.735,992,78.274,32,78.274,31
2/15/23,75.659,0,75.484,0,75.484,0
2/16/23,75.312,0,75.139,0,75.139,0
2/16/23,74.964,21,74.619,0,74.791,9
2/16/23,78.449,1664,77.05,14,77.923,136
2/16/23,75.139,0,74.964,0,74.964,0
2/17/23,75.312,0,75.312,0,75.312,0
2/17/23,75.139,8,74.964,0,74.964,8
2/17/23,76.181,53,75.484,9,75.832,176
2/17/23,74.271,0,73.407,0,73.926,0
2/18/23,75.312,0,75.139,0,75.139,0
2/18/23,74.964,136,74.791,3,74.964,51
2/18/23,80.029,576,78.975,59,79.151,576
2/18/23,76.181,0,73.753,0,73.926,0
2/19/23,75.312,0,75.139,0,75.139,0
2/19/23,74.791,19,74.619,9,74.619,24
2/19/23,80.382,1472,80.911,248,79.151,256
2/19/23,74.619,0,72.891,0,72.891,0
2/20/23,73.234,0,73.234,0,73.407,0
2/20/23,74.446,22,74.098,1,74.271,24
2/20/23,75.832,224,75.312,9,75.659,128
2/20/23,73.753,0,73.407,0,73.753,0
2/21/23,74.098,0,73.926,0,74.098,0
2/21/23,74.271,216,74.271,23,74.271,71
2/21/23,76.181,54,77.225,97,76.006,304
2/21/23,74.098,0,73.926,0,74.098,0
2/22/23,73.234,0,73.062,0,73.407,0
2/22/23,74.446,45,74.271,3,74.446,30
2/22/23,77.05,992,75.832,66,76.354,464
2/22/23,74.619,0,74.271,0,74.619,0
2/23/23,74.098,0,73.753,0,73.926,0
2/23/23,74.098,90,73.753,2,73.926,74
2/23/23,78.975,1536,77.923,152,78.098,672
2/23/23,74.964,0,74.619,0,74.791,0
2/24/23,74.271,0,73.926,0,74.098,0
2/24/23,74.098,121,73.926,8,74.098,51
2/24/23,76.876,1344,76.876,108,76.006,608
2/24/23,74.098,0,73.753,0,74.098,0
2/25/23,73.58,0,73.234,0,73.58,0
2/25/23,73.062,160,72.718,20,72.891,168
2/25/23,80.206,1920,80.206,136,78.975,960
2/25/23,73.234,0,73.234,0,73.234,0
2/26/23,73.407,0,73.234,0,73.407,0
2/26/23,73.753,448,73.407,60,73.407,320
2/26/23,80.735,2304,81.09,168,79.853,800
2/26/23,73.234,0,73.062,0,73.234,0
2/27/23,73.753,0,73.58,0,73.753,0
2/27/23,73.234,168,72.718,7,72.891,76
2/27/23,78.624,2048,76.876,71,77.923,800
2/27/23,73.926,0,73.753,0,73.926,0
2/28/23,74.098,0,73.926,0,73.926,0
2/28/23,73.753,104,73.407,4,73.58,80
2/28/23,78.274,608,76.876,90,77.749,512
2/28/23,73.926,0,73.926,0,74.098,0
3/1/23,74.271,0,73.926,0,74.098,0
3/1/23,73.234,86,73.062,1,73.234,61
3/1/23,76.528,1152,75.312,32,76.006,608
3/1/23,73.407,0,73.062,0,73.234,0
3/2/23,73.926,0,73.753,0,73.926,0
3/2/23,72.545,81,72.199,1,72.545,58
3/2/23,75.312,608,74.271,16,74.964,352
3/2/23,72.372,0,72.199,0,72.372,0
3/3/23,73.58,0,73.234,0,73.407,0
3/3/23,73.753,37,73.58,0,73.753,59
3/3/23,78.274,864,77.225,18,77.574,432
3/3/23,73.58,0,73.407,0,73.58,0
3/4/23,73.062,0,72.891,0,73.234,0
3/4/23,73.407,69,73.062,1,73.407,73
3/4/23,80.382,800,79.151,17,79.326,106
3/4/23,75.832,0,75.659,0,75.832,0
3/5/23,73.926,0,73.58,0,73.926,0
3/5/23,73.407,50,73.062,0,73.407,40
3/5/23,79.326,432,78.624,9,78.449,248
3/5/23,78.449,0,78.274,0,78.274,0
3/6/23,75.312,0,75.139,0,75.312,0
3/6/23,74.619,22,74.271,0,74.446,8
3/6/23,78.274,216,77.574,4,77.574,79
3/6/23,77.749,0,77.923,0,77.749,0
3/7/23,74.271,0,74.446,0,74.271,0
3/7/23,74.098,20,74.098,12,74.098,15
3/7/23,79.502,1728,80.029,864,80.206,3456
3/7/23,74.098,0,74.271,0,74.271,0
3/8/23,74.271,0,74.446,0,74.271,0
3/8/23,73.926,52,74.098,39,73.926,23
3/8/23,77.749,3584,78.624,1088,77.923,1088
3/8/23,73.234,0,73.407,0,73.234,0
3/9/23,71.339,0,71.512,0,71.168,0
3/9/23,72.545,90,72.718,26,72.545,37
3/9/23,76.006,2048,77.225,1152,76.006,1344
3/9/23,75.139,0,74.964,0,75.139,0
3/10/23,72.545,0,72.545,0,72.545,0
3/10/23,72.372,56,72.372,33,72.372,9
3/10/23,79.326,608,78.8,432,78.975,352
3/10/23,76.528,0,76.528,0,76.528,0
3/11/23,74.446,0,74.619,0,74.619,0
3/11/23,73.407,56,73.407,23,73.407,62
3/11/23,84.474,2816,82.686,4096,83.221,1728
3/11/23,76.876,0,76.528,0,79.151,0
3/12/23,74.098,0,74.271,0,73.926,0
3/12/23,74.098,42,74.098,15,74.098,27
3/12/23,85.374,2304,81.266,576,83.221,1536
3/12/23,75.832,0,75.659,0,75.832,0
3/13/23,74.791,0,74.791,0,74.791,0
3/13/23,74.271,71,74.446,23,74.271,51
3/13/23,93.873,21504,86.823,672,88.282,1472
3/13/23,83.579,0,84.115,0,84.295,0
3/14/23,76.528,0,76.703,0,76.528,0
3/14/23,76.354,49,76.354,11,76.354,16
3/14/23,84.654,7424,81.621,768,82.508,480
3/14/23,76.876,0,76.876,0,76.876,0
3/15/23,76.528,0,76.528,0,76.528,0
3/15/23,75.832,102,75.659,1,75.659,107
3/15/23,90.309,20480,84.654,6,87.733,1728
3/15/23,77.4,0,77.225,0,77.4,0
3/16/23,76.703,0,76.876,0,76.703,0
3/16/23,75.832,50,75.832,0,75.832,82
3/16/23,95.783,26624,84.834,23,89.384,2176
3/16/23,79.151,0,78.624,0,79.151,0
3/17/23,77.225,0,77.4,0,77.225,0
3/17/23,76.181,62,76.181,27,76.181,71
3/17/23,87.733,960,86.097,704,87.004,480
3/17/23,82.152,0,82.508,0,82.33,0
3/18/23,78.449,0,78.8,0,78.8,0
3/18/23,76.876,26,77.05,9,77.05,17
3/18/23,85.014,960,83.757,240,85.554,608
3/18/23,77.574,0,82.33,0,82.152,0
3/19/23,77.749,0,77.923,0,77.749,0
3/19/23,77.05,29,77.225,5,77.225,26
3/19/23,87.733,1088,85.014,896,86.277,1984
3/19/23,75.139,1,79.151,0,77.923,0
3/20/23,77.574,0,77.574,0,77.574,0
3/20/23,77.4,28,77.4,10,77.4,31
3/20/23,82.864,320,81.266,144,82.152,384
3/20/23,77.05,0,77.574,0,77.574,0
3/21/23,76.703,0,76.528,0,76.703,0
3/21/23,76.181,152,76.354,13,76.354,20
3/21/23,83.221,1792,80.559,864,83.399,1152
3/21/23,76.703,0,76.876,0,76.703,0
3/22/23,76.528,0,76.528,0,76.528,0
3/22/23,76.528,21,76.528,9,76.528,16
3/22/23,83.579,1280,81.975,480,83.579,1280
3/22/23,77.923,0,77.749,0,77.749,0
3/23/23,76.181,0,76.354,0,76.181,0
3/23/23,76.181,47,76.181,22,76.181,42
3/23/23,80.735,864,79.678,416,80.559,1280
3/23/23,79.151,0,79.502,0,79.326,0
3/24/23,77.4,0,77.574,0,77.4,0
3/24/23,76.703,101,77.225,21,76.703,52
3/24/23,91.425,1280,89.2,480,88.833,2048
3/24/23,83.757,0,82.686,0,84.654,0
3/25/23,80.735,0,80.735,0,80.911,0
3/25/23,77.574,65,77.574,49,77.749,64
3/25/23,90.68,2816,86.277,1152,87.733,2048
3/25/23,83.579,0,83.935,0,83.935,0
3/26/23,76.528,0,76.703,0,76.703,0
3/26/23,74.791,50,74.791,35,74.791,36
3/26/23,88.65,2560,84.115,272,87.004,1408
3/26/23,79.151,0,79.326,0,79.151,0
3/27/23,77.4,0,77.574,0,77.4,0
3/27/23,76.703,77,76.876,28,76.876,64
3/27/23,90.124,8704,86.459,304,87.733,1088
3/27/23,78.975,0,78.975,0,78.975,0
3/28/23,78.274,0,78.449,0,78.449,0
3/28/23,77.4,67,77.4,73,77.4,61
3/28/23,83.579,304,81.621,256,84.115,368
3/28/23,78.975,0,78.975,0,78.975,0
3/29/23,78.274,0,78.449,0,78.274,0
3/29/23,77.225,81,77.225,8,77.225,118
3/29/23,80.206,1152,78.449,448,79.853,896
3/29/23,79.326,0,79.151,0,79.326,0
3/30/23,78.098,0,78.098,0,78.098,0
3/30/23,77.225,64,77.225,29,77.225,68
3/30/23,87.733,1472,84.834,704,86.823,1344
3/30/23,83.043,0,83.221,0,83.221,0
3/31/23,77.923,0,78.098,0,77.923,0
3/31/23,77.05,92,76.876,38,76.876,92
3/31/23,84.115,896,81.442,352,82.508,800
3/31/23,78.8,0,78.624,0,78.449,0
4/1/23,76.354,0,76.528,0,76.528,0
4/1/23,75.139,61,75.139,24,75.139,67
4/1/23,79.678,768,78.8,256,79.326,512
4/1/23,75.832,0,76.006,0,76.006,0
4/2/23,74.964,0,74.791,0,74.964,0
4/2/23,75.312,45,75.139,10,75.312,50
4/2/23,83.043,672,81.09,576,81.797,1024
4/2/23,76.528,0,76.703,0,76.703,0
4/3/23,74.271,0,74.271,0,74.271,0
4/3/23,73.926,101,73.58,1,73.753,94
4/3/23,85.915,1728,82.152,28,84.115,576
4/3/23,80.735,1,81.442,0,81.442,0
4/4/23,76.181,0,76.181,0,76.354,0
4/4/23,74.446,800,74.446,81,74.619,55
4/4/23,84.834,1536,82.33,1216,85.374,1408
4/4/23,78.8,11,78.8,0,78.8,0
4/5/23,74.619,0,74.619,0,74.619,0
4/5/23,75.659,1152,74.446,92,74.619,288
4/5/23,85.374,1664,82.33,672,84.295,1216
4/5/23,78.8,1,78.8,0,78.624,1
4/6/23,74.271,0,74.446,0,74.446,0
4/6/23,74.098,113,74.446,31,74.446,45
4/6/23,85.554,512,82.864,896,84.115,432
4/6/23,84.115,672,81.797,22,82.686,41
4/6/23,76.006,0,75.659,0,75.832,0
4/7/23,73.407,0,73.58,0,73.407,0
4/7/23,84.115,512,75.832,416,75.659,152
4/7/23,80.029,288,79.151,33,80.382,76
4/7/23,75.484,0,75.484,0,75.484,0
4/8/23,73.753,0,73.753,0,73.753,0
4/8/23,85.735,16384,76.006,1152,76.181,208
4/8/23,81.442,368,80.206,60,81.975,85
4/8/23,76.528,0,76.354,0,76.354,0
4/9/23,73.926,0,73.926,0,73.926,0
4/9/23,74.964,2304,74.271,80,74.098,55
4/9/23,78.624,336,77.225,21,79.502,121
4/9/23,74.964,0,74.964,0,74.964,0
4/10/23,73.58,0,73.407,0,73.407,0
4/10/23,91.8,19456,76.354,176,74.791,152
4/10/23,85.014,800,82.152,43,87.004,256
4/10/23,75.312,0,75.139,0,75.312,0
4/11/23,74.791,0,74.619,0,74.619,0
4/11/23,84.654,20480,76.528,62,77.749,119
4/11/23,81.797,960,79.326,34,84.834,352
4/11/23,75.659,0,75.484,0,75.659,0
4/12/23,74.964,0,74.964,0,74.964,0
4/12/23,80.559,2048,76.354,86,81.442,800
4/12/23,84.654,1152,81.266,75,88.099,304
4/12/23,75.659,0,75.659,0,75.659,0
4/13/23,75.312,0,75.139,0,75.139,0
4/13/23,77.923,2176,76.181,64,78.8,216
4/13/23,81.442,672,78.8,42,83.935,384
4/13/23,75.659,0,75.484,0,75.484,0
4/14/23,75.312,0,75.139,0,75.139,0
4/14/23,79.326,1152,76.703,96,79.853,576
4/14/23,85.374,1152,81.266,73,87.915,480
4/14/23,75.832,0,75.659,0,75.659,0
4/15/23,74.619,0,74.446,0,74.446,0
4/15/23,79.326,3072,76.181,54,78.624,168
4/15/23,83.399,512,81.797,29,86.097,448
4/15/23,76.876,0,76.528,0,77.225,0
4/16/23,76.181,0,76.006,0,76.181,0
4/16/23,80.206,2816,77.574,106,80.735,496
4/16/23,84.834,1024,82.33,49,87.733,320
4/16/23,76.528,0,76.703,0,76.528,0
4/17/23,76.876,0,76.703,0,76.703,0
4/17/23,79.326,1216,77.923,53,81.442,416
4/17/23,83.935,432,81.442,20,83.399,114
4/17/23,77.4,0,76.876,0,76.876,0
4/18/23,76.876,0,76.528,0,76.703,0
4/18/23,79.678,608,77.4,44,79.678,144
4/18/23,78.274,84,77.749,2,78.098,17
4/18/23,76.528,0,76.181,0,76.354,0
4/19/23,77.225,0,76.876,0,77.05,0
4/19/23,81.442,2048,78.975,45,85.915,864
4/19/23,82.33,368,82.33,25,83.579,368
4/19/23,77.574,0,77.4,0,77.4,0
4/20/23,77.923,0,77.4,0,77.574,0
4/20/23,81.09,1728,79.151,43,84.654,992
4/20/23,80.735,336,80.382,11,81.09,184
4/20/23,77.749,0,77.574,0,77.749,0
4/21/23,76.181,0,76.181,0,76.181,0
4/21/23,82.508,2688,78.8,44,90.68,2304
4/21/23,85.374,368,85.014,12,85.554,200
4/21/23,78.274,0,78.098,0,78.098,0
4/22/23,77.923,0,77.574,0,77.923,0
4/22/23,81.975,4096,79.326,84,84.654,992
4/22/23,85.014,608,84.115,12,85.194,184
4/22/23,79.151,0,78.975,0,78.975,0
4/23/23,76.703,0,76.528,0,76.528,0
4/23/23,81.797,18432,79.502,74,88.099,2304
4/23/23,86.823,864,89.384,15,88.466,272
4/23/23,79.502,0,79.326,0,79.502,0
4/24/23,79.151,0,79.151,0,78.8,0
4/24/23,83.579,2816,81.621,66,93.304,1984
4/24/23,88.833,576,87.733,11,89.2,216
4/24/23,80.735,0,80.559,0,80.559,0
4/25/23,79.326,0,79.502,0,79.502,0
4/25/23,82.508,5376,80.559,63,85.374,2944
4/25/23,81.442,512,80.382,13,81.797,256
4/25/23,78.624,0,78.449,0,78.449,0
4/26/23,77.05,0,76.876,0,76.876,0
4/26/23,76.528,432,76.006,31,78.624,1280
4/26/23,79.502,176,79.151,6,80.029,192
4/26/23,78.274,0,78.098,0,77.923,0
4/27/23,76.528,0,76.528,0,76.528,0
4/27/23,76.181,152,76.006,18,77.574,416
4/27/23,78.975,176,78.624,8,79.678,208
4/27/23,77.923,0,77.923,0,77.923,0
4/28/23,76.354,0,76.181,0,76.181,0
4/28/23,76.703,184,76.181,11,77.4,192
4/28/23,83.935,125,83.935,21,88.466,512
4/28/23,81.442,0,81.621,0,80.911,0
4/29/23,78.449,0,78.098,0,78.274,0
4/29/23,78.624,288,78.274,12,80.029,608
4/29/23,81.621,240,81.09,24,82.508,288
4/29/23,77.05,0,77.05,0,76.876,0
4/30/23,75.832,0,75.659,0,75.659,0
4/30/23,76.354,512,75.832,27,78.098,864
4/30/23,83.579,864,82.864,100,85.735,320
4/30/23,78.624,0,78.449,0,78.449,0
5/1/23,76.528,0,76.181,0,76.354,0
5/1/23,78.624,320,77.923,21,80.911,960
5/1/23,86.459,464,85.554,16,89.755,576
5/1/23,81.621,0,81.442,0,81.266,0
5/2/23,77.923,0,77.749,0,77.923,0
5/2/23,78.8,224,78.449,13,80.029,480
5/2/23,78.8,20,78.624,1,78.975,57
5/2/23,77.574,0,77.574,0,77.574,0
5/3/23,76.006,0,75.832,0,75.832,0
5/3/23,78.098,368,77.574,34,80.559,1024
5/3/23,83.221,272,82.864,12,85.374,400
5/3/23,77.4,0,77.225,0,77.225,0
5/4/23,75.832,0,75.832,0,75.484,0
5/4/23,75.832,336,75.484,15,77.225,672
5/4/23,79.326,200,78.8,33,80.735,464
5/4/23,75.312,0,75.139,0,75.139,0
5/5/23,74.446,0,74.271,0,74.271,0
5/5/23,77.749,480,76.876,57,78.975,1856
5/5/23,81.09,288,80.382,13,83.579,608
5/5/23,75.659,0,75.484,0,75.484,0
5/6/23,74.271,0,74.098,0,74.271,0
5/6/23,78.098,608,77.225,37,81.975,4352
5/6/23,80.735,128,80.029,4,81.621,288
5/6/23,75.484,0,75.312,0,75.312,0
5/7/23,73.753,0,73.58,0,73.753,0
5/7/23,77.225,368,76.703,704,84.115,3584
5/7/23,82.864,384,82.508,19,85.014,672
5/7/23,76.181,0,76.006,0,76.006,0
5/8/23,73.926,0,73.926,0,73.926,0
5/8/23,77.225,448,76.703,464,84.295,3712
5/8/23,83.043,176,82.152,7,84.295,304
5/8/23,77.574,0,77.225,0,77.4,0
5/9/23,74.964,0,74.791,0,74.791,0
5/9/23,78.449,448,77.923,144,83.935,1984
5/9/23,86.641,304,85.374,21,89.384,864
5/9/23,78.449,0,78.098,0,78.274,0
5/10/23,75.139,0,74.964,0,75.139,0
5/10/23,76.876,768,76.181,56,82.686,2688
5/10/23,88.282,224,87.186,12,90.867,496
5/10/23,79.151,0,78.975,0,78.975,0
5/11/23,75.832,0,75.659,0,75.659,0
5/11/23,77.4,400,76.876,32,81.266,1472
5/11/23,86.823,192,86.277,9,88.282,576
5/11/23,80.206,0,82.33,0,80.911,0
5/12/23,78.274,0,78.274,0,78.449,0
5/12/23,80.735,384,80.029,22,82.33,1344
5/12/23,85.915,84,85.554,4,86.459,320
5/12/23,79.678,0,79.502,0,79.678,0
5/13/23,78.449,0,78.098,0,78.098,0
5/13/23,78.098,152,77.923,8,79.326,480
5/13/23,85.194,272,84.654,5,86.823,336
5/13/23,82.152,0,81.797,0,81.975,0
5/14/23,76.703,0,76.528,0,76.528,0
5/14/23,77.574,97,77.225,7,78.8,1024
5/14/23,78.975,46,78.8,2,79.502,232
5/14/23,76.354,0,76.181,0,76.181,0
5/15/23,75.659,0,75.659,0,75.659,0
5/15/23,76.528,128,76.181,8,77.923,768
5/15/23,80.735,248,80.206,37,84.115,800
5/15/23,77.225,0,76.876,0,76.876,0
5/16/23,74.964,0,74.791,0,74.791,0
5/16/23,77.225,176,77.05,34,79.326,960
5/16/23,83.399,304,82.686,36,85.554,448
5/16/23,78.098,0,77.923,0,77.923,0
5/17/23,75.659,0,75.484,0,75.484,0
5/17/23,76.703,103,76.528,23,78.624,464
5/17/23,84.474,232,81.797,5,82.152,28
5/17/23,78.274,0,78.274,0,78.274,0
5/18/23,76.354,0,76.354,0,76.354,0
5/18/23,80.206,1856,76.181,4,77.05,208
5/18/23,80.206,184,79.853,0,79.678,24
5/18/23,78.624,0,78.8,0,78.975,0
5/19/23,76.703,0,76.703,0,76.876,0
5/19/23,80.206,1728,77.05,7,77.225,75
5/19/23,81.442,304,80.382,0,80.735,30
5/19/23,78.274,0,78.098,0,78.274,0
5/20/23,76.876,0,76.876,0,76.703,0
5/20/23,87.368,1472,80.382,127,81.975,216
5/20/23,91.987,576,89.2,6,91.425,63
5/20/23,81.09,0,81.09,0,81.266,0
5/21/23,78.098,0,77.923,0,78.098,0
5/21/23,86.459,3584,79.151,304,82.686,368
5/21/23,93.873,704,92.737,4,91.053,62
5/21/23,81.09,0,81.266,0,81.266,0
5/22/23,77.225,0,77.225,0,77.4,0
5/22/23,79.678,960,77.923,272,77.4,44
5/22/23,89.938,672,88.65,7,87.915,59
5/22/23,79.326,0,79.326,0,79.326,0
5/23/23,76.354,0,76.354,0,76.354,0
5/23/23,83.757,3072,77.923,14,78.975,168
5/23/23,87.368,864,84.474,18,84.834,82
5/23/23,80.735,0,80.735,0,80.382,0
5/24/23,76.528,0,76.528,0,76.528,0
5/24/23,80.382,2560,78.098,368,78.624,480
5/24/23,87.552,1472,85.915,4608,85.374,85
5/24/23,78.098,0,78.274,0,78.098,0
5/25/23,75.659,0,75.659,0,75.659,0
5/25/23,78.975,1920,77.923,1280,77.225,144
5/25/23,88.282,800,87.004,1856,85.735,136
5/25/23,77.923,0,77.923,0,77.923,0
5/26/23,75.484,0,75.484,0,75.484,0
5/26/23,79.502,1024,78.098,1664,77.749,400
5/26/23,86.641,1152,85.915,6656,84.115,200
5/26/23,77.749,0,77.749,0,77.749,0
5/27/23,75.139,0,75.139,0,75.139,0
5/27/23,78.624,1152,76.354,168,76.876,256
5/27/23,89.017,1152,86.823,1728,86.097,78
5/27/23,85.735,0,85.915,0,85.374,0
5/28/23,79.853,0,79.678,0,79.853,0
5/28/23,81.442,992,80.559,152,80.735,192
5/28/23,88.282,576,86.641,89,86.459,122
5/28/23,81.266,0,81.266,0,81.09,0
5/29/23,77.05,0,76.876,0,77.05,0
5/29/23,79.853,1216,78.624,512,78.449,81
5/29/23,87.552,960,86.097,6656,85.374,67
5/29/23,80.029,0,80.029,0,80.029,0
5/30/23,76.876,0,76.876,0,76.703,0
5/30/23,78.449,1536,76.528,576,77.05,704
5/30/23,85.735,1408,84.295,2048,83.579,160
5/30/23,78.8,0,78.8,0,78.8,0
5/31/23,76.528,0,76.528,0,76.528,0
5/31/23,79.326,864,77.574,78,78.098,136
5/31/23,87.733,864,86.459,1472,85.554,144
5/31/23,81.621,0,81.797,0,81.621,0
6/1/23,77.923,0,78.098,0,78.098,0
6/1/23,82.508,1344,78.975,26,79.678,136
6/1/23,85.014,304,84.474,25,84.474,50
6/1/23,79.853,0,79.853,0,79.853,0
6/2/23,77.4,0,77.574,0,77.574,0
6/2/23,85.014,2816,78.274,9,79.326,224
6/2/23,88.833,768,86.459,3,86.459,47
6/2/23,83.221,0,83.221,0,83.221,0
6/3/23,77.923,0,78.098,0,78.098,0
6/3/23,85.915,4352,76.528,480,80.382,160
6/3/23,83.043,336,81.621,1,81.797,37
6/3/23,79.678,0,79.678,0,79.502,0
6/4/23,76.703,0,76.703,0,76.703,0
6/4/23,95.016,3584,78.098,480,83.579,576
6/4/23,88.099,1984,85.735,2,87.733,2432
6/4/23,82.686,0,82.33,0,83.399,0
6/5/23,77.749,0,78.098,0,78.098,0
6/5/23,90.867,13312,79.151,448,84.834,5632
6/5/23,91.8,1088,89.384,5,90.68,2816
6/5/23,88.282,0,88.65,0,88.833,0
6/6/23,79.151,0,78.975,0,78.975,0
6/6/23,81.975,1536,77.923,304,79.853,1600
6/6/23,90.495,384,89.384,11,89.384,416
6/6/23,85.554,0,85.374,0,86.459,0
6/7/23,79.853,0,80.735,0,80.559,0
6/7/23,86.823,2688,81.975,288,82.508,3456
6/7/23,93.873,1088,91.425,7,91.612,61
6/7/23,87.552,0,87.915,0,88.65,0
6/8/23,78.975,0,79.326,0,79.502,0
6/8/23,82.686,2176,80.029,4,80.735,384
6/8/23,91.612,1280,88.65,9,89.017,105
6/8/23,85.014,0,85.374,0,84.834,0
6/9/23,79.502,0,79.502,0,79.502,0
6/9/23,83.043,2432,80.206,336,80.735,384
6/9/23,93.115,1088,91.425,1984,90.309,94
6/9/23,81.797,0,81.975,0,81.621,0
6/10/23,77.923,0,77.923,0,77.923,0
6/10/23,80.206,1536,77.749,7,78.975,400
6/10/23,88.466,864,86.459,6,86.641,128
6/10/23,80.735,0,80.735,0,80.911,0
6/11/23,76.703,0,76.703,0,76.703,0
6/11/23,80.206,2304,77.923,52,78.975,128
6/11/23,88.833,992,86.641,111,86.641,80
6/11/23,80.559,0,80.559,0,80.382,0
6/12/23,78.274,0,78.449,0,78.449,0
6/12/23,80.559,1536,78.449,77,79.678,208
6/12/23,88.65,1024,86.823,1408,86.641,88
6/12/23,81.621,0,81.797,0,81.797,0
6/13/23,77.923,0,77.923,0,77.923,0
6/13/23,79.853,1536,77.574,144,78.449,216
6/13/23,83.043,480,81.621,3,81.975,93
6/13/23,79.502,0,79.502,0,79.326,0
6/14/23,76.876,0,76.876,0,76.876,0
6/14/23,78.975,704,77.749,6,78.274,160
6/14/23,86.641,992,84.474,8,85.014,108
6/14/23,80.911,0,80.911,0,80.911,0
6/15/23,77.4,0,77.4,0,77.4,0
6/15/23,81.621,2304,78.449,12,78.975,168
6/15/23,83.757,1024,81.442,4,81.797,79
6/15/23,79.151,0,79.151,0,79.151,0
6/16/23,76.528,0,76.528,0,76.528,0
6/16/23,86.641,3712,77.923,8,83.221,10240
6/16/23,86.641,1024,84.474,4,87.552,800
6/16/23,80.559,0,80.559,0,80.559,0
6/17/23,77.4,0,77.4,0,77.574,0
6/17/23,86.459,3584,78.975,20,85.915,5632
6/17/23,90.124,768,88.099,14,90.867,704
6/17/23,81.266,0,81.621,0,81.621,0
6/18/23,78.624,0,78.624,0,78.624,0
6/18/23,88.833,3584,79.151,576,103.717,1728
6/18/23,92.363,864,90.309,13,93.493,896
6/18/23,81.09,0,81.09,0,81.797,0
6/19/23,79.326,0,79.326,0,79.502,0
6/19/23,85.554,2176,80.029,240,92.737,1344
6/19/23,93.304,800,94.062,1536,93.304,5888
6/19/23,80.911,0,80.911,0,80.911,0
6/20/23,77.749,0,77.749,0,77.749,0
6/20/23,87.733,3072,81.442,304,95.4,17408
6/20/23,92.55,704,92.174,1088,93.115,1536
6/20/23,87.733,0,87.915,0,88.099,0
6/21/23,80.559,0,80.382,0,80.735,0
6/21/23,85.735,3200,84.834,576,98.307,2688
6/21/23,89.755,608,89.755,864,89.2,864
6/21/23,80.735,0,80.911,0,80.735,0
6/22/23,77.225,0,77.4,0,77.4,0
6/22/23,86.641,9216,88.833,992,90.68,368
6/22/23,85.915,288,86.459,208,86.277,368
6/22/23,78.449,0,78.624,0,78.449,0
6/23/23,76.528,0,76.703,0,76.703,0
6/23/23,85.554,4352,86.823,10752,89.755,864
6/23/23,83.399,608,83.935,704,83.579,800
6/23/23,77.225,0,77.4,0,77.4,0
6/24/23,76.181,0,76.181,0,76.354,0
6/24/23,83.579,2048,90.867,1728,88.282,1088
6/24/23,82.508,224,83.221,248,82.864,256
6/24/23,76.703,0,76.703,0,76.703,0
6/25/23,75.139,0,75.312,0,75.312,0
6/25/23,81.621,2048,83.579,960,83.043,672
6/25/23,83.935,1152,84.654,576,83.935,864
6/25/23,77.05,0,77.225,0,77.225,0
6/26/23,75.832,0,75.832,0,75.832,0
6/26/23,80.382,1536,81.975,464,81.621,704
6/26/23,83.579,200,84.295,216,83.757,176
6/26/23,76.876,0,77.225,0,77.05,0
6/27/23,75.312,0,75.312,0,75.312,0
6/27/23,81.09,800,83.399,1024,83.757,800
6/27/23,85.374,320,86.097,288,85.554,232
6/27/23,77.749,0,77.923,0,77.749,0
6/28/23,75.312,0,74.446,0,75.484,0
6/28/23,79.853,256,80.911,416,80.911,216
6/28/23,84.115,416,84.834,320,84.295,288
6/28/23,79.326,0,79.502,0,79.502,0
6/29/23,73.926,0,74.446,0,74.791,0
6/29/23,80.911,704,82.686,992,82.508,800
6/29/23,85.735,896,86.277,704,85.735,768
6/29/23,79.853,0,79.853,0,79.853,0
6/30/23,73.753,0,74.791,0,73.926,0
6/30/23,79.678,480,80.735,512,79.853,432
6/30/23,83.579,992,84.115,448,84.115,400
6/30/23,80.735,0,80.735,0,80.735,0
7/1/23,74.098,0,74.791,0,74.271,0
7/1/23,78.975,896,78.975,288,78.8,304
7/1/23,84.295,960,84.474,288,84.654,896
7/1/23,80.559,0,80.735,0,80.559,0
7/2/23,76.354,0,73.926,0,76.528,0
7/2/23,85.194,5376,87.186,1344,85.374,1152
7/2/23,89.938,3072,89.2,1216,89.384,992
7/2/23,82.152,0,81.975,0,82.33,0
7/3/23,78.975,0,78.8,0,78.975,0
7/3/23,80.735,608,81.266,44,92.737,1728
7/3/23,79.326,77,79.678,576,86.277,168
7/3/23,NA,NA,NA,NA,80.382,0
7/4/23,NA,NA,NA,NA,78.975,0
7/4/23,NA,NA,NA,NA,103.512,1344
7/4/23,NA,NA,NA,NA,89.755,448
7/4/23,NA,NA,NA,NA,82.33,0
7/5/23,NA,NA,NA,NA,78.274,0
7/5/23,NA,NA,NA,NA,96.361,864
7/5/23,NA,NA,NA,NA,85.735,352
7/5/23,NA,NA,NA,NA,79.678,0
7/6/23,NA,NA,NA,NA,77.923,0
7/6/23,NA,NA,NA,NA,90.124,768
7/6/23,NA,NA,NA,NA,84.115,240
7/6/23,NA,NA,NA,NA,79.853,0
7/7/23,NA,NA,NA,NA,76.354,0
7/7/23,NA,NA,NA,NA,82.508,608
7/7/23,NA,NA,NA,NA,82.686,320
7/7/23,NA,NA,NA,NA,77.749,0
7/8/23,NA,NA,NA,NA,76.181,0
7/8/23,NA,NA,NA,NA,83.221,800
7/8/23,NA,NA,NA,NA,84.654,864
7/8/23,NA,NA,NA,NA,77.225,0
7/9/23,NA,NA,NA,NA,75.484,0
7/9/23,NA,NA,NA,NA,80.735,416
7/9/23,NA,NA,NA,NA,83.221,320
7/9/23,NA,NA,NA,NA,78.098,0
7/10/23,NA,NA,NA,NA,76.006,0
7/10/23,NA,NA,NA,NA,81.797,512
7/10/23,NA,NA,NA,NA,83.399,192
7/10/23,NA,NA,NA,NA,78.8,0
7/11/23,NA,NA,NA,NA,76.354,0
7/11/23,NA,NA,NA,NA,79.151,192
7/11/23,NA,NA,NA,NA,85.374,1152
7/11/23,NA,NA,NA,NA,78.975,0
7/12/23,NA,NA,NA,NA,76.703,0
7/12/23,NA,NA,NA,NA,83.579,896
7/12/23,NA,NA,NA,NA,86.277,448
7/12/23,NA,NA,NA,NA,81.09,0
7/13/23,NA,NA,NA,NA,77.4,0
7/13/23,NA,NA,NA,NA,80.735,400
7/13/23,NA,NA,NA,NA,86.641,400
7/13/23,NA,NA,NA,NA,80.206,0
7/14/23,NA,NA,NA,NA,76.876,0
7/14/23,NA,NA,NA,NA,83.399,768
7/14/23,NA,NA,NA,NA,86.459,3456
7/14/23,NA,NA,NA,NA,81.442,0
7/15/23,NA,NA,NA,NA,78.449,0
7/15/23,NA,NA,NA,NA,82.152,608
7/15/23,NA,NA,NA,NA,86.097,672
7/15/23,NA,NA,NA,NA,80.559,0
7/16/23,NA,NA,NA,NA,77.749,0
7/16/23,NA,NA,NA,NA,83.579,896
7/16/23,NA,NA,NA,NA,87.004,2688
7/16/23,NA,NA,NA,NA,80.911,0
7/17/23,NA,NA,NA,NA,77.923,0
7/17/23,NA,NA,NA,NA,86.097,864
7/17/23,NA,NA,NA,NA,87.733,384
7/17/23,NA,NA,NA,NA,82.508,0
7/18/23,NA,NA,NA,NA,78.975,0
7/18/23,NA,NA,NA,NA,83.935,800
7/18/23,NA,NA,NA,NA,83.579,608
7/18/23,NA,NA,NA,NA,78.975,0
7/19/23,NA,NA,NA,NA,78.8,0
7/19/23,NA,NA,NA,NA,81.621,416
7/19/23,NA,NA,NA,NA,80.559,17
7/19/23,NA,NA,NA,NA,78.624,0
7/20/23,NA,NA,NA,NA,78.274,0
7/20/23,NA,NA,NA,NA,83.579,896
7/20/23,NA,NA,NA,NA,84.115,232
7/20/23,NA,NA,NA,NA,79.853,0
7/21/23,NA,NA,NA,NA,77.923,0
7/21/23,NA,NA,NA,NA,81.975,400
7/21/23,NA,NA,NA,NA,86.097,1024
7/21/23,NA,NA,NA,NA,80.735,0
7/22/23,NA,NA,NA,NA,78.449,0
7/22/23,NA,NA,NA,NA,85.374,960
7/22/23,NA,NA,NA,NA,88.466,704
7/22/23,NA,NA,NA,NA,83.043,0
7/23/23,NA,NA,NA,NA,79.326,0
7/23/23,NA,NA,NA,NA,85.915,800
7/23/23,NA,NA,NA,NA,87.915,2432
7/23/23,NA,NA,NA,NA,83.221,0
7/24/23,NA,NA,NA,NA,79.502,0
7/24/23,NA,NA,NA,NA,83.579,768
7/24/23,NA,NA,NA,NA,86.641,672
7/24/23,NA,NA,NA,NA,81.442,0
7/25/23,NA,NA,NA,NA,78.449,0
7/25/23,NA,NA,NA,NA,83.579,576
7/25/23,NA,NA,NA,NA,86.277,304
7/25/23,NA,NA,NA,NA,81.797,0
7/26/23,NA,NA,NA,NA,78.274,0
7/26/23,NA,NA,NA,NA,84.654,576
7/26/23,NA,NA,NA,NA,87.368,512
7/26/23,NA,NA,NA,NA,81.09,0
7/27/23,NA,NA,NA,NA,78.449,0
7/27/23,NA,NA,NA,NA,84.654,608
7/27/23,84.834,192,NA,NA,87.368,704
7/27/23,83.043,0,NA,NA,83.221,0
7/28/23,78.624,0,NA,NA,78.624,0
7/28/23,77.225,232,NA,NA,77.4,160
7/28/23,87.004,2304,NA,NA,86.641,1152
7/28/23,80.911,0,NA,NA,80.911,0
7/29/23,77.574,0,NA,NA,77.574,0
7/29/23,77.05,184,NA,NA,77.05,192
7/29/23,86.641,864,NA,NA,86.459,2048
7/29/23,83.757,0,NA,NA,83.757,0
7/30/23,79.678,0,NA,NA,79.853,0
7/30/23,79.151,480,NA,NA,77.923,480
7/30/23,87.004,1664,NA,NA,86.459,1408
7/30/23,82.508,0,NA,NA,82.508,0
7/31/23,79.151,0,NA,NA,79.326,0
7/31/23,77.749,184,NA,NA,81.442,448
7/31/23,83.043,13,NA,NA,84.474,1344
7/31/23,80.911,0,NA,NA,80.911,0
8/1/23,77.574,0,NA,NA,77.749,0
8/1/23,75.484,69,NA,NA,77.749,2688
8/1/23,84.115,8,NA,NA,86.097,864
8/1/23,81.442,0,NA,NA,81.442,0
8/2/23,78.098,0,NA,NA,78.274,0
8/2/23,77.574,24,NA,NA,78.975,1344
8/2/23,84.295,5,NA,NA,86.459,800
8/2/23,81.442,0,NA,NA,81.621,0
8/3/23,77.923,0,NA,NA,77.923,0
8/3/23,77.05,8,NA,NA,77.923,480
8/3/23,85.915,7,NA,NA,88.282,1024
8/3/23,83.399,0,NA,NA,83.399,0
8/4/23,79.502,0,NA,NA,79.502,0
8/4/23,77.749,2,NA,NA,78.274,152
8/4/23,84.654,6,NA,NA,86.459,672
8/4/23,83.399,0,NA,NA,83.221,0
8/5/23,78.8,0,NA,NA,79.151,0
8/5/23,77.923,4,NA,NA,78.975,352
8/5/23,83.579,7,NA,NA,86.097,1024
8/5/23,83.935,0,NA,NA,83.757,0
8/6/23,78.8,0,NA,NA,78.975,0
8/6/23,78.975,5,NA,NA,80.029,288
8/6/23,85.554,9,NA,NA,87.915,800
8/6/23,82.33,0,NA,NA,82.33,0
8/7/23,79.151,0,NA,NA,79.326,0
8/7/23,78.624,0,NA,NA,79.151,216
8/7/23,83.043,6,NA,NA,84.654,1024
8/7/23,81.442,0,NA,NA,81.266,0
8/8/23,78.449,0,NA,NA,78.449,0
8/8/23,79.151,6,NA,NA,80.382,272
8/8/23,82.33,2,NA,NA,84.115,368
8/8/23,79.678,0,NA,NA,79.853,0
8/9/23,78.975,0,NA,NA,78.975,0
8/9/23,78.8,2,NA,NA,79.853,336
8/9/23,82.33,6,NA,NA,85.014,704
8/9/23,80.029,0,NA,NA,80.029,0
8/10/23,77.749,0,NA,NA,77.923,0
8/10/23,78.098,5,NA,NA,79.326,288
8/10/23,86.097,1344,NA,NA,85.374,576
8/10/23,80.735,0,NA,NA,80.735,0
8/11/23,77.574,0,NA,NA,77.749,0
8/11/23,79.678,320,NA,NA,78.8,304
8/11/23,87.004,1152,NA,NA,86.641,1856
8/11/23,83.043,0,NA,NA,83.043,0
8/12/23,79.151,0,NA,NA,79.151,0
8/12/23,79.678,384,NA,NA,78.8,320
8/12/23,87.004,2688,NA,NA,86.459,704
8/12/23,84.115,0,NA,NA,84.115,0
8/13/23,79.678,0,NA,NA,79.853,0
8/13/23,79.678,216,NA,NA,79.151,576
8/13/23,86.823,2432,NA,NA,86.277,512
8/13/23,83.757,0,NA,NA,83.757,0
8/14/23,79.502,0,NA,NA,79.502,0
8/14/23,78.449,464,NA,NA,78.449,224
8/14/23,87.186,3200,NA,NA,86.823,672
8/14/23,82.686,0,NA,NA,82.686,0
8/15/23,78.975,0,NA,NA,79.151,0
8/15/23,79.853,400,NA,NA,79.502,288
8/15/23,87.004,4352,NA,NA,86.641,864
8/15/23,83.221,0,NA,NA,83.043,0
8/16/23,79.326,0,NA,NA,79.502,0
8/16/23,78.449,144,NA,NA,78.449,126
8/16/23,85.915,1344,NA,NA,85.554,800
8/16/23,82.152,0,NA,NA,82.152,0
8/17/23,79.151,0,NA,NA,79.151,0
8/17/23,80.029,576,NA,NA,79.326,512
8/17/23,87.368,960,NA,NA,87.186,320
8/17/23,86.459,0,NA,NA,86.459,0
8/18/23,80.735,0,NA,NA,80.911,0
8/18/23,81.975,336,NA,NA,80.911,320
8/18/23,87.552,1984,NA,NA,87.186,1152
8/18/23,86.459,0,NA,NA,86.277,0
8/19/23,80.735,0,NA,NA,80.911,0
8/19/23,81.09,256,NA,NA,80.911,384
8/19/23,88.65,1344,NA,NA,88.099,896
8/19/23,85.735,0,NA,NA,85.554,0
8/20/23,81.266,0,NA,NA,81.266,0
8/20/23,80.382,288,NA,NA,80.559,272
8/20/23,88.65,1664,NA,NA,88.282,1536
8/20/23,87.004,0,NA,NA,86.641,0
8/21/23,81.442,0,NA,NA,81.621,0
8/21/23,81.797,152,NA,NA,81.797,128
8/21/23,88.282,1920,NA,NA,88.099,864
8/21/23,83.579,0,NA,NA,83.399,0
8/22/23,80.206,0,NA,NA,80.382,0
8/22/23,80.029,123,NA,NA,80.029,123
8/22/23,88.282,2176,NA,NA,87.733,1344
8/22/23,83.221,0,NA,NA,83.043,0
8/23/23,78.449,0,NA,NA,78.624,0
8/23/23,79.151,208,NA,NA,79.151,272
8/23/23,86.823,2304,NA,NA,86.641,800
8/23/23,82.686,0,NA,NA,82.686,0
8/24/23,78.274,0,NA,NA,78.274,0
8/24/23,78.098,168,NA,NA,78.449,152
8/24/23,85.735,5376,NA,NA,85.014,1344
8/24/23,81.975,0,NA,NA,82.152,0
8/25/23,77.749,0,NA,NA,77.749,0
8/25/23,77.225,272,NA,NA,77.4,144
8/25/23,84.654,896,NA,NA,84.654,576
8/25/23,81.975,0,NA,NA,81.975,0
8/26/23,78.274,0,NA,NA,78.449,0
8/26/23,78.975,304,NA,NA,78.8,304
8/26/23,85.915,3456,NA,NA,85.735,3712
8/26/23,81.975,0,NA,NA,81.975,0
8/27/23,78.274,0,NA,NA,78.274,0
8/27/23,77.749,160,NA,NA,77.574,176
8/27/23,85.014,4608,NA,NA,84.834,1472
8/27/23,82.864,0,NA,NA,82.864,0
8/28/23,78.975,0,NA,NA,79.151,0
8/28/23,77.749,224,NA,NA,77.923,216
8/28/23,83.579,1,NA,NA,84.654,0
8/28/23,86.459,400,86.277,576,NA,NA
8/28/23,81.266,0,81.09,0,NA,NA
8/29/23,78.975,0,78.8,0,NA,NA
8/29/23,82.152,1152,82.33,3456,NA,NA
8/29/23,86.823,576,86.641,800,NA,NA
8/29/23,80.382,0,80.206,0,NA,NA
8/30/23,78.624,0,78.624,0,NA,NA
8/30/23,82.152,3200,82.152,3200,NA,NA
8/30/23,86.459,768,86.459,1088,NA,NA
8/30/23,81.442,0,81.442,0,NA,NA
8/31/23,78.8,0,78.624,0,NA,NA
8/31/23,81.621,3712,81.442,2304,NA,NA
8/31/23,84.295,768,84.295,352,NA,NA
8/31/23,78.975,0,78.975,0,NA,NA
9/1/23,77.749,0,77.4,0,NA,NA
9/1/23,83.043,14336,82.33,4352,NA,NA
9/1/23,85.194,608,85.374,512,NA,NA
9/1/23,79.151,0,79.151,0,NA,NA
9/2/23,78.449,0,78.274,0,NA,NA
9/2/23,81.975,4608,82.686,6656,NA,NA
9/2/23,86.097,768,86.277,1152,NA,NA
9/2/23,79.151,0,79.151,0,NA,NA
9/3/23,78.098,0,77.923,0,NA,NA
9/3/23,81.797,3072,80.735,864,NA,NA
9/3/23,88.099,608,87.733,768,NA,NA
9/3/23,83.935,0,84.115,0,NA,NA
9/4/23,80.382,0,80.559,0,NA,NA
9/4/23,82.686,272,83.399,432,NA,NA
9/4/23,89.384,576,89.384,608,NA,NA
9/4/23,85.735,0,85.915,0,NA,NA
9/5/23,80.382,0,79.502,0,NA,NA
9/5/23,83.757,1536,84.115,1920,NA,NA
9/5/23,88.833,576,89.2,704,NA,NA
9/5/23,84.834,0,85.014,0,NA,NA
9/6/23,81.797,0,81.621,0,NA,NA
9/6/23,82.33,1408,83.579,2560,NA,NA
9/6/23,90.68,496,90.309,704,NA,NA
9/6/23,85.194,0,85.194,0,NA,NA
9/7/23,81.442,0,81.266,0,NA,NA
9/7/23,81.09,1152,81.266,1152,NA,NA
9/7/23,89.938,480,89.755,768,NA,NA
9/7/23,84.115,0,83.935,0,NA,NA
9/8/23,81.09,0,80.911,0,NA,NA
9/8/23,81.975,672,81.975,768,NA,NA
9/8/23,89.017,512,88.833,576,NA,NA
9/8/23,83.399,0,83.399,0,NA,NA
9/9/23,80.382,0,80.206,0,NA,NA
9/9/23,82.33,1088,82.864,2560,NA,NA
9/9/23,84.295,304,84.295,320,NA,NA
9/9/23,80.382,0,80.382,0,NA,NA
9/10/23,78.975,0,78.8,0,NA,NA
9/10/23,81.09,3200,81.621,1984,NA,NA
9/10/23,86.459,608,86.277,608,NA,NA
9/10/23,79.853,0,79.853,0,NA,NA
9/11/23,78.274,0,78.274,0,NA,NA
9/11/23,81.09,2816,81.797,3584,NA,NA
9/11/23,84.834,576,84.834,368,NA,NA
9/11/23,79.678,0,79.502,0,NA,NA
9/12/23,78.274,0,78.274,0,NA,NA
9/12/23,80.382,1984,80.382,2432,NA,NA
9/12/23,87.004,672,87.004,168,NA,NA
9/12/23,82.152,0,81.975,0,NA,NA
9/13/23,79.853,0,79.853,0,NA,NA
9/13/23,80.029,400,79.853,576,NA,NA
9/13/23,85.915,800,85.554,416,NA,NA
9/13/23,81.621,0,81.621,0,NA,NA
9/14/23,78.975,0,78.975,0,NA,NA
9/14/23,81.797,896,82.686,4352,NA,NA
9/14/23,85.554,672,85.374,464,NA,NA
9/14/23,81.266,0,81.266,0,NA,NA
9/15/23,78.975,0,78.975,0,NA,NA
9/15/23,82.33,3072,83.043,2176,NA,NA
9/15/23,86.097,144,86.097,144,NA,NA
9/15/23,83.043,0,83.043,0,NA,NA
9/16/23,81.266,0,81.09,0,NA,NA
9/16/23,82.508,896,82.864,1216,NA,NA
9/16/23,87.915,432,87.915,464,NA,NA
9/16/23,80.382,0,80.206,0,NA,NA
9/17/23,78.449,0,78.274,0,NA,NA
9/17/23,79.853,512,79.678,256,NA,NA
9/17/23,85.374,336,85.554,272,NA,NA
9/17/23,79.853,0,79.678,0,NA,NA
9/18/23,78.274,0,78.274,0,NA,NA
9/18/23,80.735,1344,80.382,2688,NA,NA
9/18/23,84.295,480,84.295,336,NA,NA
9/18/23,79.853,0,79.678,0,NA,NA
9/19/23,78.098,0,77.749,0,NA,NA
9/19/23,81.621,4096,81.09,2688,NA,NA
9/19/23,85.554,608,85.374,512,NA,NA
9/19/23,79.151,0,78.975,0,NA,NA
9/20/23,77.4,0,77.225,0,NA,NA
9/20/23,81.09,864,80.735,768,NA,NA
9/20/23,85.735,352,85.735,256,NA,NA
9/20/23,79.853,0,79.853,0,NA,NA
9/21/23,77.4,0,77.225,0,NA,NA
9/21/23,80.382,2048,80.559,480,NA,NA
9/21/23,83.935,432,83.935,464,NA,NA
9/21/23,78.975,0,78.975,0,NA,NA
9/22/23,77.749,0,77.749,0,NA,NA
9/22/23,80.559,1600,80.559,4352,NA,NA
9/22/23,84.474,576,84.295,480,NA,NA
9/22/23,78.8,0,78.624,0,NA,NA
9/23/23,76.528,0,76.354,0,NA,NA
9/23/23,79.678,896,78.975,384,NA,NA
9/23/23,85.374,480,85.194,448,NA,NA
9/23/23,79.502,0,79.502,0,NA,NA
9/24/23,77.05,0,76.876,0,NA,NA
9/24/23,79.853,200,79.326,464,NA,NA
9/24/23,85.194,480,85.014,384,NA,NA
9/24/23,78.975,0,78.975,0,NA,NA
9/25/23,76.703,0,76.528,0,NA,NA
9/25/23,80.029,1600,79.151,4096,NA,NA
9/25/23,85.915,448,85.374,384,NA,NA
9/25/23,79.326,0,79.326,0,NA,NA
9/26/23,77.225,0,77.05,0,NA,NA
9/26/23,78.098,800,77.4,496,NA,NA
9/26/23,84.295,512,84.295,368,NA,NA
9/26/23,78.624,0,78.624,0,NA,NA
9/27/23,77.225,0,77.05,0,NA,NA
9/27/23,79.502,3456,79.151,3968,NA,NA
9/27/23,84.474,3456,84.6536,10333.4,84.8336,24800.2
9/27/23,79.853,0,79.6784,0,79.6784,0
9/28/23,77.923,0,77.9234,0,77.7488,0
9/28/23,78.449,608,78.2744,1722.2,78.449,22044.6
9/28/23,86.459,896,86.459,11022.3,86.8226,49600.3
9/28/23,80.382,0,80.3822,0,80.2058,0
9/29/23,77.923,0,78.2744,0,77.9234,0
9/29/23,78.624,49,78.6236,764.2,78.6236,1636.1
9/29/23,85.554,1536,86.459,8266.7,85.9154,22044.6
9/29/23,81.621,0,81.4424,0,81.4424,0
9/30/23,78.8,0,78.9746,0,78.8,0
9/30/23,79.151,91,78.8,3444.5,78.9746,2927.8
9/30/23,86.097,400,85.5536,4477.8,86.0972,4994.5
9/30/23,81.975,0,81.9752,0,81.9752,0
10/1/23,76.528,0,77.0504,0,76.5284,0
10/1/23,78.274,78,77.9234,2066.7,77.9234,2583.4
10/1/23,87.186,1088,87.7334,11022.3,87.9152,14466.8
10/1/23,82.33,0,82.3298,0,82.1516,0
10/2/23,78.449,0,78.6236,0,78.449,0
10/2/23,79.678,58,79.502,1001,79.6784,1033.3
10/2/23,85.915,576,87.5516,12400.1,86.2772,17222.3
10/2/23,84.115,0,83.9354,0,83.7572,0
10/3/23,78.274,0,79.3256,0,78.6236,0
10/3/23,80.559,50,80.3822,484.4,80.5586,742.7
10/3/23,85.735,320,85.9154,3961.1,86.0972,5511.1
10/3/23,83.221,0,83.2208,0,83.2208,0
10/4/23,80.911,0,80.9114,0,80.735,0
10/4/23,80.911,128,80.735,635.1,80.735,2238.9
10/4/23,87.733,704,89.2004,9644.5,88.0988,17911.2
10/4/23,85.735,0,85.5536,0,85.5536,0
10/5/23,82.864,0,82.6862,0,82.508,0
10/5/23,81.621,62,81.4424,635.1,81.6206,775
10/5/23,88.833,1344,89.2004,7577.8,89.0168,24800.2
10/5/23,85.554,0,85.3736,0,85.3736,0
10/6/23,80.206,0,80.0294,0,79.853,0
10/6/23,80.735,37,80.3822,484.4,80.2058,624.3
10/6/23,87.186,768,87.7334,8611.2,87.368,13089
10/6/23,86.097,0,86.2772,0,86.0972,0
10/7/23,80.559,0,80.735,0,80.3822,0
10/7/23,79.151,80,78.9746,1377.8,78.8,1980.6
10/7/23,87.186,672,87.0044,8611.2,86.6408,4650
10/7/23,84.295,0,84.1154,0,84.1154,0
10/8/23,79.678,0,79.6784,0,79.502,0
10/8/23,78.8,90,78.449,1550,78.449,5166.7
10/8/23,85.915,2176,86.459,7233.4,85.9154,8266.7
10/8/23,82.864,0,82.6862,0,82.6862,0
10/9/23,79.326,0,79.3256,0,79.151,0
10/9/23,77.749,70,77.5742,850.4,77.5742,3616.7
10/9/23,84.295,960,84.2954,4994.5,84.2954,5511.1
10/9/23,80.735,0,80.735,0,80.5586,0
10/10/23,78.274,0,78.2744,0,78.2744,0
10/10/23,77.4,66,77.3996,1237.9,77.225,3616.7
10/10/23,84.474,448,85.0136,6544.5,84.4736,14466.8
10/10/23,81.621,0,81.6206,0,81.4424,0
10/11/23,78.274,0,78.449,0,78.2744,0
10/11/23,77.4,96,77.225,914.9,77.225,6544.5
10/11/23,82.686,272,83.2208,7577.8,82.8644,17222.3
10/11/23,80.911,0,80.735,0,80.735,0
10/12/23,78.274,0,78.2744,0,78.098,0
10/12/23,77.749,44,77.5742,527.4,77.3996,1808.3
10/12/23,84.654,768,85.9154,6544.5,84.8336,12400.1
10/12/23,82.33,0,82.3298,0,82.3298,0
10/13/23,80.206,0,80.2058,0,80.2058,0
10/13/23,78.975,56,78.9746,796.5,78.9746,1722.2
10/13/23,85.194,288,85.5536,2325,85.3736,3788.9
10/13/23,84.295,0,84.2954,0,84.2954,0
10/14/23,81.797,0,81.797,0,81.6206,0
10/14/23,79.853,78,79.6784,1291.7,79.853,958
10/14/23,86.823,3712,87.368,8266.7,87.368,10677.8
10/14/23,84.295,0,84.2954,0,84.2954,0
10/15/23,81.621,0,81.4424,0,81.4424,0
10/15/23,81.975,127,81.9752,1377.8,81.9752,4133.4
10/15/23,88.65,1088,88.2824,7577.8,89.5694,9300.1
10/15/23,86.459,0,86.2772,0,86.0972,0
10/16/23,80.382,0,80.9114,0,80.3822,0
10/16/23,81.621,59,81.4424,828.8,81.6206,1377.8
10/16/23,87.368,704,86.459,3444.5,86.6408,6544.5
10/16/23,84.295,0,84.1154,0,84.1154,0
10/17/23,79.853,0,79.6784,0,79.502,0
10/17/23,82.152,60,81.9752,462.9,81.9752,1173.3
10/17/23,88.65,1024,89.7548,8611.2,89.0168,14466.8
10/17/23,85.915,0,85.7354,0,85.5536,0
10/18/23,80.735,0,80.5586,0,80.5586,0
10/18/23,81.797,168,81.266,1550,81.4424,1463.9
10/18/23,86.459,512,86.0972,3100,86.6408,6200
10/18/23,84.115,0,83.9354,0,83.9354,0
10/19/23,79.853,0,79.853,0,79.6784,0
10/19/23,78.624,65,78.098,958,78.6236,1119.5
10/19/23,84.654,704,84.6536,4822.3,85.0136,6200
10/19/23,82.152,0,82.1516,0,82.1516,0
10/20/23,80.911,0,80.9114,0,80.735,0
10/20/23,80.735,33,80.735,785.8,80.5586,419.8
10/20/23,86.097,1536,85.9154,21355.7,86.6408,11022.3
10/20/23,82.686,0,82.6862,0,82.6862,0
10/21/23,80.735,0,80.5586,0,80.3822,0
10/21/23,80.382,56,80.3822,1894.5,80.3822,1377.8
10/21/23,86.641,576,85.7354,6544.5,86.6408,4133.4
10/21/23,83.757,0,83.579,0,83.399,0
10/22/23,80.911,0,80.9114,0,80.9114,0
10/22/23,80.559,38,80.3822,979.5,79.853,1054.9
10/22/23,85.915,320,85.9154,5511.1,86.0972,4305.6
10/22/23,82.864,0,83.0426,0,82.8644,0
10/23/23,81.797,0,81.6206,0,81.6206,0
10/23/23,81.797,57,81.6206,710.4,81.6206,721.2
10/23/23,83.935,864,83.9354,4477.8,83.9354,2927.8
10/23/23,81.621,0,81.6206,0,81.6206,0
10/24/23,81.266,0,81.266,0,81.266,0
10/24/23,80.911,89,80.735,699.7,80.735,624.3
10/24/23,84.295,216,84.1154,1636.1,84.2954,4650
10/24/23,82.508,0,82.6862,0,82.508,0
10/25/23,80.206,0,80.3822,0,80.2058,0
10/25/23,79.853,49,79.6784,968.8,79.6784,1108.7
10/25/23,84.834,368,85.5536,645.8,87.1862,516.7
10/25/23,82.508,0,82.686,0,82.508,0
10/26/23,80.382,0,79.502,0,80.206,0
10/26/23,79.853,96,79.853,72,79.853,97
10/26/23,86.097,3072,84.834,200,84.654,208
10/26/23,83.579,0,83.579,0,83.757,0
10/27/23,81.09,0,81.09,0,80.911,0
10/27/23,80.559,37,80.559,48,80.559,42
10/27/23,87.186,1216,86.641,1344,87.004,1728
10/27/23,83.221,0,83.221,0,83.043,0
10/28/23,80.911,0,80.559,0,80.559,0
10/28/23,80.735,53,80.911,106,81.09,126
10/28/23,87.733,608,87.733,5120,87.915,480
10/28/23,83.579,0,83.399,0,83.399,0
10/29/23,79.853,0,79.326,0,79.678,0
10/29/23,81.09,31,80.911,50,81.09,62
10/29/23,87.552,496,87.004,800,87.915,896
10/29/23,83.579,0,83.221,0,83.221,0
10/30/23,79.853,0,79.853,0,79.853,0
10/30/23,81.09,37,81.09,168,81.09,152
10/30/23,86.097,136,87.004,2560,86.823,1408
10/30/23,83.579,0,83.221,0,83.221,0
10/31/23,79.853,0,79.502,0,79.678,0
10/31/23,81.442,42,81.442,103,81.442,114
10/31/23,88.282,464,87.915,864,88.099,2048
10/31/23,85.194,0,84.834,0,85.014,0
11/1/23,80.911,0,80.735,0,80.735,0
11/1/23,81.621,144,81.621,58,81.797,101
11/1/23,86.459,864,86.641,704,86.823,864
11/1/23,85.194,0,84.834,0,85.014,0
11/2/23,81.621,0,80.559,0,81.442,0
11/2/23,81.621,61,81.797,152,81.797,101
11/2/23,87.915,864,87.915,1920,88.282,1152
11/2/23,84.295,0,83.935,0,83.935,0
11/3/23,81.975,0,81.797,0,81.797,0
11/3/23,80.911,36,81.09,82,81.09,128
11/3/23,87.733,400,87.552,512,88.099,1408
11/3/23,83.579,0,83.221,0,83.399,0
11/4/23,79.678,0,79.502,0,79.678,0
11/4/23,78.975,25,78.8,54,79.151,96
11/4/23,85.374,992,85.374,1472,85.735,800
11/4/23,80.911,0,80.559,0,80.559,0
11/5/23,78.098,0,77.923,0,77.923,0
11/5/23,77.749,36,77.4,55,77.574,110
11/5/23,85.374,432,84.474,368,85.374,1344
11/5/23,80.029,0,79.502,0,79.678,0
11/6/23,77.574,0,77.4,0,77.574,0
11/6/23,78.274,13,78.274,38,78.449,136
11/6/23,82.33,672,82.152,304,82.33,800
11/6/23,79.151,0,78.975,0,79.151,0
11/7/23,78.8,0,78.624,0,78.624,0
11/7/23,78.624,28,78.8,69,78.8,224
11/7/23,82.508,576,82.508,576,83.221,896
11/7/23,79.326,0,79.151,0,79.151,0
11/8/23,78.8,0,78.624,0,78.8,0
11/8/23,77.05,31,76.876,45,77.05,62
11/8/23,83.221,200,82.864,200,83.399,352
11/8/23,78.8,0,78.449,0,78.624,0
11/9/23,77.574,0,77.4,0,77.4,0
11/9/23,76.876,33,77.05,114,77.225,121
11/9/23,81.621,208,81.266,176,81.442,184
11/9/23,77.749,0,77.574,0,77.749,0
11/10/23,76.876,0,76.703,0,76.876,0
11/10/23,76.703,18,76.876,74,76.876,128
11/10/23,82.33,288,82.33,256,82.864,464
11/10/23,79.678,0,79.151,0,79.326,0
11/11/23,77.574,0,77.4,0,77.574,0
11/11/23,77.05,19,77.05,81,77.225,160
11/11/23,83.043,78,83.221,608,83.043,768
11/11/23,78.098,0,77.923,0,78.098,0
11/12/23,77.4,0,77.225,0,77.4,0
11/12/23,77.4,15,77.574,66,77.749,94
11/12/23,83.221,480,81.621,168,82.152,288
11/12/23,77.05,0,76.703,0,76.876,0
11/13/23,77.225,0,77.05,0,77.225,0
11/13/23,77.4,14,77.225,46,77.4,89
11/13/23,81.621,144,82.686,992,83.579,608
11/13/23,74.619,0,74.619,0,76.703,0
11/14/23,77.574,0,77.4,0,77.574,0
11/14/23,77.574,23,77.574,26,77.574,49
11/14/23,81.442,480,81.09,512,82.152,416
11/14/23,76.006,0,75.832,0,75.832,0
11/15/23,76.703,0,76.528,0,76.703,0
11/15/23,77.225,9,77.225,59,77.4,57
11/15/23,79.853,400,80.029,400,80.911,672
11/15/23,76.181,0,76.006,0,76.181,0
11/16/23,76.528,0,76.528,0,76.703,0
11/16/23,77.4,16,77.4,29,77.4,105
11/16/23,78.975,272,79.326,288,79.502,1984
11/16/23,76.703,0,76.354,0,76.528,0
11/17/23,75.659,0,75.484,0,75.832,0
11/17/23,77.574,12,77.4,66,77.574,192
11/17/23,81.266,480,80.382,704,80.735,256
11/17/23,77.225,0,76.876,0,77.05,0
11/18/23,76.528,0,76.354,0,76.528,0
11/18/23,77.574,36,77.574,176,77.574,111
11/18/23,81.266,200,81.09,256,81.266,480
11/18/23,79.151,0,78.975,0,78.975,0
11/19/23,77.225,0,76.876,0,77.05,0
11/19/23,77.225,60,77.225,17,77.225,36
11/19/23,78.449,512,78.449,416,78.449,304
11/19/23,77.05,0,76.703,0,76.876,0
11/20/23,76.006,0,75.659,0,75.832,0
11/20/23,76.006,6,76.006,18,76.006,12
11/20/23,78.098,111,78.274,144,78.449,1408
11/20/23,76.876,0,76.876,0,76.876,0
11/21/23,77.225,0,76.876,0,77.05,0
11/21/23,77.4,6,77.225,52,77.4,43
11/21/23,79.151,432,79.151,352,79.326,304
11/21/23,76.703,0,76.354,0,76.528,0
11/22/23,77.4,0,77.225,0,77.4,0
11/22/23,77.4,3,77.4,58,77.574,152
11/22/23,79.678,97,79.678,208,79.853,432
11/22/23,78.449,0,78.274,0,78.274,0
11/23/23,78.449,0,78.274,0,78.449,0
11/23/23,78.098,14,78.274,32,78.274,176
11/23/23,80.029,128,81.09,84,81.266,864
11/23/23,78.8,0,78.624,0,78.624,0
11/24/23,77.4,0,77.225,0,77.4,0
11/24/23,76.703,9,76.876,45,76.876,64
11/24/23,80.911,144,81.442,1152,81.442,608
11/24/23,77.923,0,78.449,0,78.624,0
11/25/23,76.354,0,76.528,0,76.181,0
11/25/23,77.05,5,76.876,65,77.05,75
11/25/23,78.8,200,78.8,224,78.8,288
11/25/23,74.446,0,75.139,0,77.4,0
11/26/23,75.139,0,74.791,0,75.832,0
11/26/23,76.006,5,75.832,19,76.006,45
11/26/23,80.911,216,80.735,128,80.911,496
11/26/23,74.271,0,74.791,0,76.354,0
11/27/23,76.181,0,76.006,0,76.354,0
11/27/23,76.528,0,76.354,13,76.354,12
11/27/23,79.326,106,78.8,192,78.975,352
11/27/23,74.271,0,74.446,0,77.4,0
11/28/23,76.703,0,76.703,0,76.876,0
11/28/23,76.876,12,76.703,37,76.876,136
11/28/23,78.274,152,78.098,368,77.923,496
11/28/23,76.181,0,75.312,0,76.876,0
11/29/23,75.832,0,76.181,0,75.832,0
11/29/23,77.05,0,76.703,17,76.876,8
11/29/23,76.876,35,76.876,304,77.05,192
11/29/23,76.006,0,75.659,0,76.354,0
11/30/23,75.312,0,74.791,0,75.139,0
11/30/23,75.139,3,74.964,4,74.964,3
11/30/23,76.354,128,76.181,216,76.006,288
11/30/23,77.574,0,77.4,0,77.4,0
12/1/23,76.528,0,76.006,0,76.354,0
12/1/23,76.181,0,75.832,4,76.006,7
12/1/23,75.484,78,75.312,74,75.484,99
12/1/23,74.964,0,74.964,0,74.964,0
12/2/23,74.098,0,74.271,0,74.098,0
12/2/23,75.659,5,75.832,12,75.832,38
12/2/23,80.911,896,80.911,256,80.559,448
12/2/23,81.442,0,81.09,0,81.09,0
12/3/23,78.624,0,78.098,0,78.624,0
12/3/23,76.354,1,76.354,14,76.354,21
12/3/23,81.266,160,81.09,2304,81.442,768
12/3/23,80.206,0,79.853,0,79.853,0
12/4/23,77.749,0,77.574,0,77.574,0
12/4/23,76.354,6,76.181,17,76.354,43